No,shipment_order_no,origin_subdistrict_name,origin_postal_code,destination_subdistrict_name,destination_postal_code,min_duration,max_duration,rate_code
1,TRD2022120103517,Binong,15811,Air Lintang,31311,3,7,UDRREG
2,TRD2022120103522,Binong,15811,Aua Kuniang,26566,3,7,UDRREG
3,TRD2022120103529,Binong,15811,Baloi Permai,29431,3,5,UDRREG
4,TRD2022120103484,Binong,15811,Bandar Agung,34167,3,7,UDRREG
5,TRD2022120103510,Binong,15811,Belutu,28686,3,7,UDRREG
6,TRD2022120103492,Binong,15811,Bencah/Boncah Kesuma,28554,3,7,UDRREG
7,TRD2022120103489,Binong,15811,Caturtunggal,55281,2,5,UDRREG
8,TRD2022120103526,Binong,15811,Cemagi,80351,3,7,UDRREG
9,TRD2022120103486,Binong,15811,Cengkong,41373,2,5,UDRREG
10,TRD2022120103493,Binong,15811,Cihanjuang,40559,2,5,UDRREG
11,TRD2022120103502,Binong,15811,Cihanyir,40396,2,5,UDRREG
12,TRD2022120103487,Binong,15811,Darmo,60241,2,4,UDRREG
13,TRD2022120103520,Binong,15811,Gamalama,97721,3,5,UDRREG
14,TRD2022120103523,Binong,15811,Gantarangkeke,92461,3,7,UDRREG
15,TRD2022120103505,Binong,15811,Gunung Marijo,22654,3,7,UDRREG
16,TRD2022120103503,Binong,15811,Kalampa,84171,3,9,UDRREG
17,TRD2022120103508,Binong,15811,Karangnangka,69456,2,5,UDRREG
18,TRD2022120103512,Binong,15811,Karangsari,65179,2,5,UDRREG
19,TRD2022120103514,Binong,15811,Karya Jadi,20852,3,7,UDRREG
20,TRD2022120103521,Binong,15811,Krueng Lingka Timu,24392,3,7,UDRREG
21,TRD2022120103496,Binong,15811,Kuta Makmur,23661,3,7,UDRREG
22,TRD2022120103509,Binong,15811,Laikandonga,93871,3,7,UDRREG
23,TRD2022120103501,Binong,15811,Lebaksari,67173,2,5,UDRREG
24,TRD2022120103515,Binong,15811,Lengkong Karya,15310,1,2,UDRREG
25,TRD2022120103519,Binong,15811,Lok Bahu,75125,3,7,UDRREG
26,TRD2022120103530,Binong,15811,Loleng,75561,3,7,UDRREG
27,TRD2022120103504,Binong,15811,Lolo,76251,3,7,UDRREG
28,TRD2022120103494,Binong,15811,Macan Putih,68461,2,5,UDRREG
29,TRD2022120103513,Binong,15811,Malewong,91998,3,7,UDRREG
30,TRD2022120103528,Binong,15811,Malinau Hulu,77554,3,8,UDRREG
31,TRD2022120103500,Binong,15811,Manggala,79672,3,7,UDRREG
32,TRD2022120103511,Binong,15811,Mattiro Deceng,91256,3,7,UDRREG
33,TRD2022120103525,Binong,15811,Muaro/Muara Air Dua,37485,3,7,UDRREG
34,TRD2022120103527,Binong,15811,Pangkajene,91611,3,7,UDRREG
35,TRD2022120103524,Binong,15811,Pangkalan Petal,29432,3,5,UDRREG
36,TRD2022120103491,Binong,15811,Pangkung Karung,82161,3,7,UDRREG
37,TRD2022120103485,Binong,15811,Parsalakan,22735,3,7,UDRREG
38,TRD2022120103497,Binong,15811,Pasarsenen,54392,2,5,UDRREG
39,TRD2022120103518,Binong,15811,Pejagan (Pajagan),69112,2,5,UDRREG
40,TRD2022120103498,Binong,15811,Pemecutan,80232,3,5,UDRREG
41,TRD2022120103506,Binong,15811,Pohgading Timur,83654,3,7,UDRREG
42,TRD2022120103516,Binong,15811,Ranjeng,42182,1,3,UDRREG
43,TRD2022120103495,Binong,15811,Rantau Katang,74352,3,7,UDRREG
44,TRD2022120103488,Binong,15811,Raut Muara,78556,3,7,UDRREG
45,TRD2022120103507,Binong,15811,Sungai Nangka,76114,3,5,UDRREG
46,TRD2022120103499,Binong,15811,Tanjung Beringin,20357,3,7,UDRREG
47,TRD2022120103490,Binong,15811,Tepian Buah,77361,3,7,UDRREG
48,TRD2022120202912,Binong,15811,Ajang,74173,3,7,UDRREG
49,TRD2022120202903,Binong,15811,Ancol,14430,2,4,UDRREG
50,TRD2022120202871,Binong,15811,Baler Bale Agung,82212,3,7,UDRREG
51,TRD2022120202897,Binong,15811,Bali Mester,13310,2,4,UDRREG
52,TRD2022120202884,Binong,15811,Balongsari,60186,2,4,UDRREG
53,TRD2022120202882,Binong,15811,Baru Ilir,76131,3,5,UDRREG
54,TRD2022120202892,Binong,15811,Bombongan,91811,3,7,UDRREG
55,TRD2022120202898,Binong,15811,Bone Bone,91753,3,7,UDRREG
56,TRD2022120202894,Binong,15811,Bukit Kubu,20859,3,7,UDRREG
57,TRD2022120202870,Binong,15811,Bumiaji,57254,2,5,UDRREG
58,TRD2022120202885,Binong,15811,Cempaka Putih,15411,1,2,UDRREG
59,TRD2022120202916,Binong,15811,Duren Sawit,13440,2,4,UDRREG
60,TRD2022120202874,Binong,15811,Gelung,68351,2,5,UDRREG
61,TRD2022120202913,Binong,15811,Gunung Elai,75311,3,7,UDRREG
62,TRD2022120202914,Binong,15811,Gunung Sahari Utara,10720,2,4,UDRREG
63,TRD2022120202904,Binong,15811,Harapan Baru,17123,2,4,UDRREG
64,TRD2022120202899,Binong,15811,Kalideres,11840,2,4,UDRREG
65,TRD2022120202878,Binong,15811,Kebon Bawang,14320,2,4,UDRREG
66,TRD2022120202906,Binong,15811,Kebon Gede,52352,2,5,UDRREG
67,TRD2022120202905,Binong,15811,Kebun Teluk Panji,21464,3,7,UDRREG
68,TRD2022120202900,Binong,15811,Koha Timur,95661,3,7,UDRREG
69,TRD2022120202893,Binong,15811,Krajan,57481,2,5,UDRREG
70,TRD2022120202915,Binong,15811,Lubuk Basung,26451,3,7,UDRREG
71,TRD2022120202908,Binong,15811,Manola,87284,3,7,UDRREG
72,TRD2022120202895,Binong,15811,Margaasih,40395,2,5,UDRREG
73,TRD2022120202890,Binong,15811,Melasu Baru,77482,3,8,UDRREG
74,TRD2022120202888,Binong,15811,Melasu Baru,77482,3,8,UDRREG
75,TRD2022120202891,Binong,15811,Ngelom,61257,2,5,UDRREG
76,TRD2022120202877,Binong,15811,Padang Mulia,33681,3,9,UDRREG
77,TRD2022120202902,Binong,15811,Palak Tanah,31356,3,7,UDRREG
78,TRD2022120202889,Binong,15811,Perkebunan Tunggul 45,21273,3,7,UDRREG
79,TRD2022120202883,Binong,15811,Pompanua Riattang (Salewangeng),92755,3,7,UDRREG
80,TRD2022120202909,Binong,15811,Pongo,93791,3,9,UDRREG
81,TRD2022120202896,Binong,15811,Puuhopa,93464,3,7,UDRREG
82,TRD2022120202872,Binong,15811,Rantau Kermas,37372,3,7,UDRREG
83,TRD2022120202881,Binong,15811,Rulung Herok/Helok,35362,3,7,UDRREG
84,TRD2022120202879,Binong,15811,Sagulung Kota,29439,3,5,UDRREG
85,TRD2022120202901,Binong,15811,Salo,28451,3,7,UDRREG
86,TRD2022120202873,Binong,15811,Sario Kotabaru,95115,3,5,UDRREG
87,TRD2022120202887,Binong,15811,Sei/Sungai Melawen,74184,3,7,UDRREG
88,TRD2022120202876,Binong,15811,Sekuru,84172,3,9,UDRREG
89,TRD2022120202907,Binong,15811,Sidomukti,28382,3,7,UDRREG
90,TRD2022120202910,Binong,15811,Sukamanah,16830,2,4,UDRREG
91,TRD2022120202875,Binong,15811,Sumber Rejo,34388,3,7,UDRREG
92,TRD2022120202886,Binong,15811,Tampumia Radda,91994,3,7,UDRREG
93,TRD2022120202911,Binong,15811,Tembudan,77372,3,7,UDRREG
94,TRD2022120302689,Binong,15811,Alue Kuyun,23662,3,7,UDRREG
95,TRD2022120302656,Binong,15811,Baler Bale Agung,82212,3,7,UDRREG
96,TRD2022120302684,Binong,15811,Bambu Apus,15415,1,2,UDRREG
97,TRD2022120302685,Binong,15811,Bantrung,59461,2,5,UDRREG
98,TRD2022120302663,Binong,15811,Baru Ilir,76131,3,5,UDRREG
99,TRD2022120302666,Binong,15811,Batumas,78873,3,7,UDRREG
100,TRD2022120302677,Binong,15811,Belibi (Balibi),74663,3,7,UDRREG
101,TRD2022120302655,Binong,15811,Bencah/Boncah Kesuma,28554,3,7,UDRREG
102,TRD2022120302674,Binong,15811,Berangas Timur,70582,3,7,UDRREG
103,TRD2022120302678,Binong,15811,Bolora,87252,3,7,UDRREG
104,TRD2022120302686,Binong,15811,Buntok Kota,73711,3,7,UDRREG
105,TRD2022120302664,Binong,15811,Buntongi,94683,3,7,UDRREG
106,TRD2022120302659,Binong,15811,Buntu Tagari,91862,3,7,UDRREG
107,TRD2022120302652,Binong,15811,Demangan,64482,2,5,UDRREG
108,TRD2022120302658,Binong,15811,Embu Ngena,86319,3,7,UDRREG
109,TRD2022120302668,Binong,15811,Gunung Makmur,76285,3,7,UDRREG
110,TRD2022120302667,Binong,15811,Gunungsari,43282,2,5,UDRREG
111,TRD2022120302675,Binong,15811,Indarung,25237,3,5,UDRREG
112,TRD2022120302683,Binong,15811,Juata Permai,77116,3,6,UDRREG
113,TRD2022120302680,Binong,15811,Karangnangka,69456,2,5,UDRREG
114,TRD2022120302692,Binong,15811,Kenangan,91572,3,8,UDRREG
115,TRD2022120302672,Binong,15811,Kertajaya,45255,2,5,UDRREG
116,TRD2022120302669,Binong,15811,Lele,94973,3,7,UDRREG
117,TRD2022120302676,Binong,15811,Lempake,75118,3,7,UDRREG
118,TRD2022120302671,Binong,15811,Man-Gega,97795,3,10,UDRREG
119,TRD2022120302679,Binong,15811,Marindal Dua,20361,3,7,UDRREG
120,TRD2022120302665,Binong,15811,Mekarmaya,41384,2,5,UDRREG
121,TRD2022120302654,Binong,15811,Minomartani,55581,2,5,UDRREG
122,TRD2022120302661,Binong,15811,Panundaan,40973,2,5,UDRREG
123,TRD2022120302662,Binong,15811,Pelita Jaya,31611,3,7,UDRREG
124,TRD2022120302687,Binong,15811,Prasung,61252,2,5,UDRREG
125,TRD2022120302691,Binong,15811,Ranca Iyuh,15710,1,2,UDRREG
126,TRD2022120302660,Binong,15811,Randuagung,65153,2,5,UDRREG
127,TRD2022120302653,Binong,15811,Saning Baka,27356,3,7,UDRREG
128,TRD2022120302682,Binong,15811,Sebemban,78564,3,7,UDRREG
129,TRD2022120302688,Binong,15811,Sekon,85671,3,9,UDRREG
130,TRD2022120302690,Binong,15811,Sekuru,84172,3,9,UDRREG
131,TRD2022120302693,Binong,15811,Tagalaya,97852,3,10,UDRREG
132,TRD2022120302673,Binong,15811,Tandam/Tandem Hulu Satu,20374,3,7,UDRREG
133,TRD2022120302670,Binong,15811,Tegal Binangun,35374,3,7,UDRREG
134,TRD2022120302681,Binong,15811,Tubajeng,92152,3,7,UDRREG
135,TRD2022120503843,Binong,15811,Ainani Tajriani,93957,3,7,UDRREG
136,TRD2022120503838,Binong,15811,Bajarum,74353,3,7,UDRREG
137,TRD2022120503853,Binong,15811,Baloi Permai,29431,3,5,UDRREG
138,TRD2022120503873,Binong,15811,Bangkelekila,91853,3,7,UDRREG
139,TRD2022120503833,Binong,15811,Beji,16421,2,4,UDRREG
140,TRD2022120503830,Binong,15811,Bulak Banteng,60127,2,4,UDRREG
141,TRD2022120503834,Binong,15811,Bumi Amas,79211,3,7,UDRREG
142,TRD2022120503849,Binong,15811,Cengkong,41373,2,5,UDRREG
143,TRD2022120503837,Binong,15811,Cibalanarik,46184,2,5,UDRREG
144,TRD2022120503860,Binong,15811,Cideng,10150,2,4,UDRREG
145,TRD2022120503854,Binong,15811,Cilincing,14120,2,4,UDRREG
146,TRD2022120503848,Binong,15811,Cipamokolan,40262,2,4,UDRREG
147,TRD2022120503862,Binong,15811,Dgandasuli (Gandasuli),97791,3,10,UDRREG
148,TRD2022120503832,Binong,15811,Dgandasuli (Gandasuli),97791,3,10,UDRREG
149,TRD2022120503844,Binong,15811,Gumelar,68161,2,5,UDRREG
150,TRD2022120503867,Binong,15811,Gunung Panjang,75131,3,7,UDRREG
151,TRD2022120503861,Binong,15811,Gunung Panjang,75131,3,7,UDRREG
152,TRD2022120503829,Binong,15811,Gunung Panjang,75131,3,7,UDRREG
153,TRD2022120503836,Binong,15811,Hambala,87112,3,7,UDRREG
154,TRD2022120503856,Binong,15811,Jenetallasa,92161,3,7,UDRREG
155,TRD2022120503863,Binong,15811,Jurang Mangu Barat,15223,1,2,UDRREG
156,TRD2022120503851,Binong,15811,Kebonsari,63173,2,5,UDRREG
157,TRD2022120503857,Binong,15811,Kuripan,59566,2,5,UDRREG
158,TRD2022120503870,Binong,15811,Lembangsari,15540,1,2,UDRREG
159,TRD2022120503874,Binong,15811,Lepolima,86116,3,7,UDRREG
160,TRD2022120503846,Binong,15811,Mangun Dikaran,64419,2,5,UDRREG
161,TRD2022120503845,Binong,15811,Mapur,33253,3,9,UDRREG
162,TRD2022120503865,Binong,15811,Mekarsari,40381,2,4,UDRREG
163,TRD2022120503841,Binong,15811,Oluhuta,96583,3,7,UDRREG
164,TRD2022120503835,Binong,15811,Pangkalan Petal,29432,3,5,UDRREG
165,TRD2022120503859,Binong,15811,Pejagan (Pajagan),69112,2,5,UDRREG
166,TRD2022120503864,Binong,15811,Pekan Tua,29261,3,7,UDRREG
167,TRD2022120503847,Binong,15811,Randuagung,65153,2,5,UDRREG
168,TRD2022120503871,Binong,15811,Sangiang Jaya,15132,1,2,UDRREG
169,TRD2022120503840,Binong,15811,Sumpang Binangae,90712,3,7,UDRREG
170,TRD2022120503831,Binong,15811,Tanamodindi,94111,3,5,UDRREG
171,TRD2022120503858,Binong,15811,Tani Harapan,75391,3,7,UDRREG
172,TRD2022120503842,Binong,15811,Tanjung Rejo,20154,3,5,UDRREG
173,TRD2022120503852,Binong,15811,Tanjung Selor Ilir/Hilir,77212,3,8,UDRREG
174,TRD2022120503850,Binong,15811,Tawangagung,65183,2,5,UDRREG
175,TRD2022120503869,Binong,15811,Tegalgubug Lor,45162,2,5,UDRREG
176,TRD2022120503866,Binong,15811,Tri Manunggal,28464,3,7,UDRREG
177,TRD2022120503839,Binong,15811,Utama,40521,2,5,UDRREG
178,TRD2022120503855,Binong,15811,Wilalung,59581,2,5,UDRREG
179,TRD2022120601192,Binong,15811,Besito,59333,2,5,UDRREG
180,TRD2022120601190,Binong,15811,Betoyokauman,61151,2,5,UDRREG
181,TRD2022120601195,Binong,15811,Hambala,87112,3,7,UDRREG
182,TRD2022120601188,Binong,15811,Kareloe,92351,3,7,UDRREG
183,TRD2022120601196,Binong,15811,Medan Sinembah,20362,3,7,UDRREG
184,TRD2022120601193,Binong,15811,Pohan Jae,22474,3,7,UDRREG
185,TRD2022120601191,Binong,15811,Romoong Atas Dua,95953,3,7,UDRREG
186,TRD2022120601194,Binong,15811,Sinjar Bulan,31461,3,7,UDRREG
187,TRD2022120601189,Binong,15811,Wundupopi,93116,3,5,UDRREG
188,TRD2022120701303,Binong,15811,Anaiwoi,93118,3,5,UDRREG
189,TRD2022120701294,Binong,15811,Bantan,21142,3,7,UDRREG
190,TRD2022120701289,Binong,15811,Bantan,33452,3,9,UDRREG
191,TRD2022120701319,Binong,15811,Beo Sepang,86754,3,7,UDRREG
192,TRD2022120701334,Binong,15811,Berumbung Baru (Tilan),28671,3,7,UDRREG
193,TRD2022120701330,Binong,15811,Bintara,17134,2,4,UDRREG
194,TRD2022120701322,Binong,15811,Bonto Minasa,92552,3,7,UDRREG
195,TRD2022120701307,Binong,15811,Buntongi,94683,3,7,UDRREG
196,TRD2022120701308,Binong,15811,Bunut,74162,3,7,UDRREG
197,TRD2022120701311,Binong,15811,Done,86152,3,7,UDRREG
198,TRD2022120701313,Binong,15811,Duri Kepa,11510,2,4,UDRREG
199,TRD2022120701331,Binong,15811,Gamalama,97721,3,5,UDRREG
200,TRD2022120701300,Binong,15811,Guntung Paikat,70713,3,7,UDRREG
201,TRD2022120701324,Binong,15811,Harapan Baru,17123,2,4,UDRREG
202,TRD2022120701320,Binong,15811,Jatirahayu,17414,2,4,UDRREG
203,TRD2022120701296,Binong,15811,Jempang Baru,83116,3,5,UDRREG
204,TRD2022120701295,Binong,15811,Kawunganten,53253,2,5,UDRREG
205,TRD2022120701297,Binong,15811,Kendahe Dua,95852,3,9,UDRREG
206,TRD2022120701301,Binong,15811,Lawir,86516,3,7,UDRREG
207,TRD2022120701309,Binong,15811,Lendang Nangka,83661,3,7,UDRREG
208,TRD2022120701299,Binong,15811,Marindal Dua,20361,3,7,UDRREG
209,TRD2022120701292,Binong,15811,Maunum Niki Niki,85571,3,9,UDRREG
210,TRD2022120701332,Binong,15811,Milangodaa Barat,95774,3,7,UDRREG
211,TRD2022120701327,Binong,15811,Nagori Bayu,21163,3,7,UDRREG
212,TRD2022120701291,Binong,15811,Pangkung Karung,82161,3,7,UDRREG
213,TRD2022120701335,Binong,15811,Panjer,80225,3,5,UDRREG
214,TRD2022120701312,Binong,15811,Passi 2,95751,3,7,UDRREG
215,TRD2022120701310,Binong,15811,Payung Sekaki,28558,3,7,UDRREG
216,TRD2022120701306,Binong,15811,Pematang Pudu,28784,3,7,UDRREG
217,TRD2022120701293,Binong,15811,Pemepek,83562,3,7,UDRREG
218,TRD2022120701290,Binong,15811,Pohgading Timur,83654,3,7,UDRREG
219,TRD2022120701318,Binong,15811,Pucangan,63263,2,5,UDRREG
220,TRD2022120701302,Binong,15811,Rangau Raya,74271,3,7,UDRREG
221,TRD2022120701317,Binong,15811,Saribujandi/Saribu Janji,21167,3,7,UDRREG
222,TRD2022120701326,Binong,15811,Sebesi (Sei Sebesi),29662,3,9,UDRREG
223,TRD2022120701328,Binong,15811,Sidole Timur,94474,3,7,UDRREG
224,TRD2022120701321,Binong,15811,Sumberjaya,45265,2,5,UDRREG
225,TRD2022120701314,Binong,15811,Sumbersari,34175,3,7,UDRREG
226,TRD2022120701333,Binong,15811,Sungai Teritip,29255,3,7,UDRREG
227,TRD2022120701323,Binong,15811,Talunjaya,41374,2,5,UDRREG
228,TRD2022120701298,Binong,15811,Tingkulu,95117,3,5,UDRREG
229,TRD2022120701305,Binong,15811,Wono Sari,34391,3,7,UDRREG
230,TRD2022120701316,Binong,15811,Wonua Sangia,93873,3,7,UDRREG
231,TRD2022120701325,Binong,15811,Yangapi,80671,3,7,UDRREG
232,TRD2022120801622,Binong,15811,Bah Lias,21184,3,7,UDRREG
233,TRD2022120801633,Binong,15811,Bakaran Batu,20372,3,7,UDRREG
234,TRD2022120801627,Binong,15811,Balongsari,61351,2,5,UDRREG
235,TRD2022120801629,Binong,15811,Bambu,91514,3,6,UDRREG
236,TRD2022120801631,Binong,15811,Batu Sopang,76252,3,7,UDRREG
237,TRD2022120801605,Binong,15811,Beji,16421,2,4,UDRREG
238,TRD2022120801626,Binong,15811,Bombongan,91811,3,7,UDRREG
239,TRD2022120801608,Binong,15811,Bombongan,91811,3,7,UDRREG
240,TRD2022120801615,Binong,15811,Bulak Banteng,60127,2,4,UDRREG
241,TRD2022120801623,Binong,15811,Burangkeng,17155,2,4,UDRREG
242,TRD2022120801611,Binong,15811,Cikini,10330,2,4,UDRREG
243,TRD2022120801647,Binong,15811,Delima,28291,3,5,UDRREG
244,TRD2022120801645,Binong,15811,Gondo,51272,2,5,UDRREG
245,TRD2022120801614,Binong,15811,Grogol,11450,2,4,UDRREG
246,TRD2022120801619,Binong,15811,Gunung Panjang,75131,3,7,UDRREG
247,TRD2022120801607,Binong,15811,Jatisaba,53316,2,5,UDRREG
248,TRD2022120801644,Binong,15811,Jiwut,66181,2,5,UDRREG
249,TRD2022120801632,Binong,15811,Kawata,92983,3,7,UDRREG
250,TRD2022120801606,Binong,15811,Koja (Utara-Selatan),14210,2,4,UDRREG
251,TRD2022120801639,Binong,15811,Laboi Jaya,28463,3,7,UDRREG
252,TRD2022120801628,Binong,15811,Lepolima,86116,3,7,UDRREG
253,TRD2022120801612,Binong,15811,Lodtunduh,80582,3,7,UDRREG
254,TRD2022120801621,Binong,15811,Maringgai,34198,3,7,UDRREG
255,TRD2022120801624,Binong,15811,Mekar Jaya,28381,3,7,UDRREG
256,TRD2022120801625,Binong,15811,Mulya Bakti,37262,3,7,UDRREG
257,TRD2022120801637,Binong,15811,Pampang,90231,3,5,UDRREG
258,TRD2022120801620,Binong,15811,Panjer,80113,3,5,UDRREG
259,TRD2022120801630,Binong,15811,Panjer,80113,3,5,UDRREG
260,TRD2022120801609,Binong,15811,Pemecutan,80232,3,5,UDRREG
261,TRD2022120801613,Binong,15811,Raut Muara,78556,3,7,UDRREG
262,TRD2022120801610,Binong,15811,Sambaliung,77371,3,7,UDRREG
263,TRD2022120801642,Binong,15811,Sangkaran Bakti,34764,3,7,UDRREG
264,TRD2022120801641,Binong,15811,Suka Makmur,24782,3,7,UDRREG
265,TRD2022120801618,Binong,15811,Sungai Bengkuang,74183,3,7,UDRREG
266,TRD2022120801617,Binong,15811,Sungai Sibam,28292,3,5,UDRREG
267,TRD2022120801643,Binong,15811,Tanamodindi,94111,3,5,UDRREG
268,TRD2022120801634,Binong,15811,Teluk Terate,42161,1,3,UDRREG
269,TRD2022120801635,Binong,15811,Toapaya Selatan,29151,3,9,UDRREG
270,TRD2022120801616,Binong,15811,Toba/Tuba,34385,3,7,UDRREG
271,TRD2022120801636,Binong,15811,Toheleten,85773,3,9,UDRREG
272,TRD2022120801640,Binong,15811,Tunggal Warga,34682,3,7,UDRREG
273,TRD2022120801646,Binong,15811,West Cengkareng,11730,2,4,UDRREG
274,TRD2022120901073,Binong,15811,Aur Gading,37481,3,7,UDRREG
275,TRD2022120901075,Binong,15811,Baadale,85912,3,7,UDRREG
276,TRD2022120901085,Binong,15811,Babakankaret,43211,2,5,UDRREG
277,TRD2022120901068,Binong,15811,Bali Mester,13310,2,4,UDRREG
278,TRD2022120901072,Binong,15811,Baloi Permai,29431,3,5,UDRREG
279,TRD2022120901076,Binong,15811,Bukit Membual,94717,3,7,UDRREG
280,TRD2022120901092,Binong,15811,Citta,90861,3,7,UDRREG
281,TRD2022120901082,Binong,15811,Dgandasuli (Gandasuli),97791,3,10,UDRREG
282,TRD2022120901087,Binong,15811,Janji,22457,3,7,UDRREG
283,TRD2022120901084,Binong,15811,Kasiyan,68164,2,5,UDRREG
284,TRD2022120901069,Binong,15811,Lenteng Agung,12630,2,4,UDRREG
285,TRD2022120901077,Binong,15811,Malamenggu,95858,3,9,UDRREG
286,TRD2022120901093,Binong,15811,Malanuza,86461,3,7,UDRREG
287,TRD2022120901090,Binong,15811,Manggala,79672,3,7,UDRREG
288,TRD2022120901081,Binong,15811,Manggala,79672,3,7,UDRREG
289,TRD2022120901074,Binong,15811,Mekar Jaya,28381,3,7,UDRREG
290,TRD2022120901091,Binong,15811,Nelerereng,86253,3,7,UDRREG
291,TRD2022120901065,Binong,15811,Pesouha,93562,3,7,UDRREG
292,TRD2022120901088,Binong,15811,Pinang Sebatang Barat,28772,3,7,UDRREG
293,TRD2022120901089,Binong,15811,Raut Muara,78556,3,7,UDRREG
294,TRD2022120901067,Binong,15811,Sekip Jaya,30114,3,5,UDRREG
295,TRD2022120901078,Binong,15811,Sidomulyo,63162,2,5,UDRREG
296,TRD2022120901080,Binong,15811,Simpang Petai,28458,3,7,UDRREG
297,TRD2022120901083,Binong,15811,Sukasari,17530,2,4,UDRREG
298,TRD2022120901071,Binong,15811,Sungai Bengkuang,74183,3,7,UDRREG
299,TRD2022120901086,Binong,15811,Sungai Nangka,76114,3,5,UDRREG
300,TRD2022120901079,Binong,15811,Tanjung Pinang Kota,29111,3,5,UDRREG
301,TRD2022121006436,Binong,15811,Air Batu,30961,3,7,UDRREG
302,TRD2022121006414,Binong,15811,Air Batu,30961,3,7,UDRREG
303,TRD2022121006422,Binong,15811,Bada,84211,3,9,UDRREG
304,TRD2022121006425,Binong,15811,Bajarum,74353,3,7,UDRREG
305,TRD2022121006438,Binong,15811,Baloi Permai,29431,3,5,UDRREG
306,TRD2022121006421,Binong,15811,Baloi Permai,29431,3,5,UDRREG
307,TRD2022121006443,Binong,15811,Bangun Jaya,92972,3,7,UDRREG
308,TRD2022121006416,Binong,15811,Baru Ilir,76131,3,5,UDRREG
309,TRD2022121006409,Binong,15811,Bojongsari Baru,16516,2,5,UDRREG
310,TRD2022121006435,Binong,15811,Bukit Membual,94717,3,7,UDRREG
311,TRD2022121006444,Binong,15811,Bunut,74162,3,7,UDRREG
312,TRD2022121006410,Binong,15811,Cemagi,80351,3,7,UDRREG
313,TRD2022121006437,Binong,15811,Curug,16340,2,4,UDRREG
314,TRD2022121006441,Binong,15811,Damau,95872,3,9,UDRREG
315,TRD2022121006434,Binong,15811,Eon Besi,85552,3,9,UDRREG
316,TRD2022121006415,Binong,15811,Galung Maloang,91121,3,7,UDRREG
317,TRD2022121006449,Binong,15811,Gambarsari,52193,2,5,UDRREG
318,TRD2022121006440,Binong,15811,Gentan,56271,2,5,UDRREG
319,TRD2022121006428,Binong,15811,Gunung Tinggi,20353,3,7,UDRREG
320,TRD2022121006429,Binong,15811,Hilinaa Tafuo,22872,3,9,UDRREG
321,TRD2022121006432,Binong,15811,Jambo/Jambu Rambong,24478,3,7,UDRREG
322,TRD2022121006413,Binong,15811,Jatisari,58253,2,5,UDRREG
323,TRD2022121006426,Binong,15811,Kadoodan,95513,3,7,UDRREG
324,TRD2022121006445,Binong,15811,Kalirejo,35365,3,7,UDRREG
325,TRD2022121006424,Binong,15811,Karang Anyar Pantai,77111,3,6,UDRREG
326,TRD2022121006442,Binong,15811,Kebun Teluk Panji,21464,3,7,UDRREG
327,TRD2022121006450,Binong,15811,Kedai Durian,20355,3,7,UDRREG
328,TRD2022121006417,Binong,15811,Lariang,91571,3,8,UDRREG
329,TRD2022121006419,Binong,15811,Maburai,71571,3,7,UDRREG
330,TRD2022121006447,Binong,15811,Mekar Bhuwana,80352,3,7,UDRREG
331,TRD2022121006433,Binong,15811,Pahlawan Belui,37161,3,7,UDRREG
332,TRD2022121006412,Binong,15811,Pepas/Pepes Asa,75776,3,7,UDRREG
333,TRD2022121006446,Binong,15811,Setiamekar,17111,2,4,UDRREG
334,TRD2022121006430,Binong,15811,Sidomukti,28382,3,7,UDRREG
335,TRD2022121006418,Binong,15811,Suak Ie Beusou,23652,3,7,UDRREG
336,TRD2022121006431,Binong,15811,Suka Damai,24472,3,7,UDRREG
337,TRD2022121006427,Binong,15811,Sukamukti,92963,3,7,UDRREG
338,TRD2022121006423,Binong,15811,Sukasari,17530,2,4,UDRREG
339,TRD2022121006420,Binong,15811,Tanamodindi,94111,3,5,UDRREG
340,TRD2022121006448,Binong,15811,Tapakih/Tapakis,25572,3,7,UDRREG
341,TRD2022121006411,Binong,15811,Teluk Sono,28559,3,7,UDRREG
342,TRD2022121006439,Binong,15811,Tumbulawa,94691,3,9,UDRREG
343,TRD2022121204915,Binong,15811,Alam Jaya,15133,1,2,UDRREG
344,TRD2022121204898,Binong,15811,Bajarum,74353,3,7,UDRREG
345,TRD2022121204935,Binong,15811,Baloi Permai,29431,3,5,UDRREG
346,TRD2022121204927,Binong,15811,Bangun Jaya,92972,3,7,UDRREG
347,TRD2022121204931,Binong,15811,Bengkol,95251,3,5,UDRREG
348,TRD2022121204938,Binong,15811,Besar,20251,3,5,UDRREG
349,TRD2022121204900,Binong,15811,Birobuli Utara,94231,3,5,UDRREG
350,TRD2022121204903,Binong,15811,Blimbing,57483,2,5,UDRREG
351,TRD2022121204913,Binong,15811,Buluh Kuning,72167,3,7,UDRREG
352,TRD2022121204914,Binong,15811,Bunut,74162,3,7,UDRREG
353,TRD2022121204919,Binong,15811,Cakung Barat,13910,2,4,UDRREG
354,TRD2022121204897,Binong,15811,Cangkoak,45652,2,5,UDRREG
355,TRD2022121204916,Binong,15811,Cempaka Putih,15411,1,2,UDRREG
356,TRD2022121204911,Binong,15811,Cibadak,16166,2,4,UDRREG
357,TRD2022121204917,Binong,15811,Gembong,15610,1,2,UDRREG
358,TRD2022121204905,Binong,15811,Halimpu,45172,2,5,UDRREG
359,TRD2022121204902,Binong,15811,Hatapang,21454,3,7,UDRREG
360,TRD2022121204936,Binong,15811,Kalukuang,92255,3,7,UDRREG
361,TRD2022121204910,Binong,15811,Kaposang/Keposang,33783,3,9,UDRREG
362,TRD2022121204922,Binong,15811,Karuni,87254,3,7,UDRREG
363,TRD2022121204918,Binong,15811,Kasiyan,68164,2,5,UDRREG
364,TRD2022121204906,Binong,15811,Kayu Putih,85228,3,5,UDRREG
365,TRD2022121204930,Binong,15811,Korobonde,94966,3,7,UDRREG
366,TRD2022121204921,Binong,15811,Koto Lembu/Lebu,37111,3,7,UDRREG
367,TRD2022121204923,Binong,15811,Lenggo,91353,3,8,UDRREG
368,TRD2022121204904,Binong,15811,Lubuk Ramo,29564,3,7,UDRREG
369,TRD2022121204896,Binong,15811,Maburai,71571,3,7,UDRREG
370,TRD2022121204928,Binong,15811,Makalisung,95379,3,7,UDRREG
371,TRD2022121204925,Binong,15811,Medan Sinembah,20362,3,7,UDRREG
372,TRD2022121204909,Binong,15811,Pangkalan Bulian,30755,3,7,UDRREG
373,TRD2022121204908,Binong,15811,Pesinggahan,80761,3,7,UDRREG
374,TRD2022121204932,Binong,15811,Ragajaya,16920,2,4,UDRREG
375,TRD2022121204924,Binong,15811,Ranca Iyuh,15710,1,2,UDRREG
376,TRD2022121204929,Binong,15811,Rantau Katang,74352,3,7,UDRREG
377,TRD2022121204933,Binong,15811,Rantau Katang,74352,3,7,UDRREG
378,TRD2022121204901,Binong,15811,Sario Kotabaru,95115,3,5,UDRREG
379,TRD2022121204926,Binong,15811,Satriamekar,17510,2,4,UDRREG
380,TRD2022121204907,Binong,15811,Selalejo,86463,3,7,UDRREG
381,TRD2022121204912,Binong,15811,Sungai Aua,26572,3,7,UDRREG
382,TRD2022121204899,Binong,15811,Talaga Tumoagu,95764,3,7,UDRREG
383,TRD2022121204937,Binong,15811,Tingkulu,95117,3,5,UDRREG
384,TRD2022121204939,Binong,15811,Ujung Batu,22564,3,7,UDRREG
385,TRD2022121204920,Binong,15811,Wekeke,85764,3,9,UDRREG
386,TRD2022121204895,Binong,15811,Wudi,86591,3,7,UDRREG
387,TRD2022121303194,Binong,15811,Adi Mulya / Mulyo,34698,3,7,UDRREG
388,TRD2022121303198,Binong,15811,Ambela,95885,3,9,UDRREG
389,TRD2022121303165,Binong,15811,Apitalawu (Apitalawo),96261,3,7,UDRREG
390,TRD2022121303155,Binong,15811,Batu Sopang,76252,3,7,UDRREG
391,TRD2022121303176,Binong,15811,Beji,16431,2,4,UDRREG
392,TRD2022121303190,Binong,15811,Beluk Ares,69455,2,5,UDRREG
393,TRD2022121303185,Binong,15811,Bengkol,95251,3,5,UDRREG
394,TRD2022121303189,Binong,15811,Beo Sepang,86754,3,7,UDRREG
395,TRD2022121303197,Binong,15811,Berlian Makmur,30756,3,7,UDRREG
396,TRD2022121303175,Binong,15811,Besar,20251,3,5,UDRREG
397,TRD2022121303195,Binong,15811,Bolora,87252,3,7,UDRREG
398,TRD2022121303178,Binong,15811,Cibubur,13720,2,4,UDRREG
399,TRD2022121303199,Binong,15811,Cigandeng,42262,1,3,UDRREG
400,TRD2022121303173,Binong,15811,Cimuncang,42111,1,2,UDRREG
401,TRD2022121303166,Binong,15811,Gladag,68462,2,5,UDRREG
402,TRD2022121303162,Binong,15811,Gua,79284,3,7,UDRREG
403,TRD2022121303192,Binong,15811,Kalianget,81153,3,7,UDRREG
404,TRD2022121303172,Binong,15811,Karya Ambalutu,21262,3,7,UDRREG
405,TRD2022121303188,Binong,15811,Kawunganten,53253,2,5,UDRREG
406,TRD2022121303159,Binong,15811,Keramas,80581,3,7,UDRREG
407,TRD2022121303161,Binong,15811,Ketsoblak,97611,3,11,UDRREG
408,TRD2022121303154,Binong,15811,Krueng Lingka Timu,24392,3,7,UDRREG
409,TRD2022121303196,Binong,15811,Kutambaru,22161,3,7,UDRREG
410,TRD2022121303160,Binong,15811,Lam Kawe,23352,3,7,UDRREG
411,TRD2022121303174,Binong,15811,Lele,94973,3,7,UDRREG
412,TRD2022121303184,Binong,15811,Matapao,20997,3,7,UDRREG
413,TRD2022121303186,Binong,15811,Melasu Baru,77482,3,8,UDRREG
414,TRD2022121303182,Binong,15811,Ngaglik,57376,2,5,UDRREG
415,TRD2022121303171,Binong,15811,Ngaglik,65311,2,5,UDRREG
416,TRD2022121303180,Binong,15811,Pemecutan,80232,3,5,UDRREG
417,TRD2022121303163,Binong,15811,Pompanua Riattang (Salewangeng),92755,3,7,UDRREG
418,TRD2022121303187,Binong,15811,Sambaliung,77371,3,7,UDRREG
419,TRD2022121303179,Binong,15811,Satriamekar,17510,2,4,UDRREG
420,TRD2022121303167,Binong,15811,Sawangan,95371,3,7,UDRREG
421,TRD2022121303177,Binong,15811,Sawangan,95371,3,7,UDRREG
422,TRD2022121303164,Binong,15811,Sekip Jaya,30114,3,5,UDRREG
423,TRD2022121303193,Binong,15811,Seuneubok Pangou,24458,3,7,UDRREG
424,TRD2022121303170,Binong,15811,Sondi Raya,21162,3,7,UDRREG
425,TRD2022121303168,Binong,15811,Sukadami,17330,2,4,UDRREG
426,TRD2022121303183,Binong,15811,Suka Mulya,78561,3,7,UDRREG
427,TRD2022121303157,Binong,15811,Sungai Berbari,28763,3,7,UDRREG
428,TRD2022121303181,Binong,15811,Taman Asri,34192,3,7,UDRREG
429,TRD2022121303191,Binong,15811,Tapandullu,91512,3,6,UDRREG
430,TRD2022121303158,Binong,15811,Tri Manunggal,28464,3,7,UDRREG
431,TRD2022121303169,Binong,15811,Tumpaan Dua,95352,3,7,UDRREG
432,TRD2022121401984,Binong,15811,Arjowinangun,65132,2,5,UDRREG
433,TRD2022121401986,Binong,15811,Babulu,85766,3,9,UDRREG
434,TRD2022121401991,Binong,15811,Baloi Permai,29431,3,5,UDRREG
435,TRD2022121401978,Binong,15811,Batu Ringgit,80853,3,7,UDRREG
436,TRD2022121402014,Binong,15811,Bencah/Boncah Kesuma,28554,3,7,UDRREG
437,TRD2022121401992,Binong,15811,Bojong Rangkas,16620,2,4,UDRREG
438,TRD2022121401990,Binong,15811,Celukan Bawang,81155,3,7,UDRREG
439,TRD2022121401994,Binong,15811,Curug,41371,2,5,UDRREG
440,TRD2022121402005,Binong,15811,Delima,28291,3,5,UDRREG
441,TRD2022121401989,Binong,15811,Golo Lalong,86571,3,7,UDRREG
442,TRD2022121401972,Binong,15811,Gunung Elai,75311,3,7,UDRREG
443,TRD2022121401974,Binong,15811,Hambawa,22851,3,9,UDRREG
444,TRD2022121401987,Binong,15811,Helumo,96525,3,7,UDRREG
445,TRD2022121402007,Binong,15811,Kadoodan,95513,3,7,UDRREG
446,TRD2022121401993,Binong,15811,Kalianget,81153,3,7,UDRREG
447,TRD2022121402006,Binong,15811,Karang Entang/Gentang,69163,2,5,UDRREG
448,TRD2022121401976,Binong,15811,Karya Bakti,23893,3,9,UDRREG
449,TRD2022121402009,Binong,15811,Koya,95618,3,7,UDRREG
450,TRD2022121402012,Binong,15811,Kraton,61262,2,5,UDRREG
451,TRD2022121401997,Binong,15811,Kuripan,59566,2,5,UDRREG
452,TRD2022121401980,Binong,15811,Liselande,86111,3,7,UDRREG
453,TRD2022121402011,Binong,15811,Megonten,59583,2,5,UDRREG
454,TRD2022121402004,Binong,15811,Nagasari,41314,2,5,UDRREG
455,TRD2022121401977,Binong,15811,Ombo,94354,3,7,UDRREG
456,TRD2022121401988,Binong,15811,Padang Maninjau,21455,3,7,UDRREG
457,TRD2022121402008,Binong,15811,Padang Mulia,33681,3,9,UDRREG
458,TRD2022121401996,Binong,15811,Pantai Hurip,17610,2,4,UDRREG
459,TRD2022121401973,Binong,15811,Paya Bedi,24474,3,7,UDRREG
460,TRD2022121401999,Binong,15811,Pegagan Lor,45152,2,5,UDRREG
461,TRD2022121402015,Binong,15811,Posso,96252,3,7,UDRREG
462,TRD2022121401981,Binong,15811,Sangkaran Bakti,34764,3,7,UDRREG
463,TRD2022121402002,Binong,15811,Satriamekar,17510,2,4,UDRREG
464,TRD2022121401983,Binong,15811,Satriamekar,17510,2,4,UDRREG
465,TRD2022121402003,Binong,15811,Sedayu,65175,2,5,UDRREG
466,TRD2022121402013,Binong,15811,Sekaran,62261,2,5,UDRREG
467,TRD2022121402001,Binong,15811,Semboro,68157,2,5,UDRREG
468,TRD2022121401982,Binong,15811,Sidomukti,28382,3,7,UDRREG
469,TRD2022121402010,Binong,15811,Talunjaya,41374,2,5,UDRREG
470,TRD2022121401995,Binong,15811,Tani Harapan,75391,3,7,UDRREG
471,TRD2022121402016,Binong,15811,Tanjung Muda,21256,3,7,UDRREG
472,TRD2022121402017,Binong,15811,Tanjung Senang,35136,3,5,UDRREG
473,TRD2022121402000,Binong,15811,Watunggere (Watunggera),86371,3,7,UDRREG
474,TRD2022121502622,Binong,15811,Abbanuange,90871,3,7,UDRREG
475,TRD2022121502595,Binong,15811,Atambua kota,85711,3,9,UDRREG
476,TRD2022121502610,Binong,15811,Baleharjo,55811,2,5,UDRREG
477,TRD2022121502594,Binong,15811,Bali Mester,13310,2,4,UDRREG
478,TRD2022121502624,Binong,15811,Baloi Permai,29431,3,5,UDRREG
479,TRD2022121502590,Binong,15811,Banyumeneng,59567,2,5,UDRREG
480,TRD2022121502613,Binong,15811,Bone Buntu Sisong,91815,3,7,UDRREG
481,TRD2022121502592,Binong,15811,Bugis,84182,3,9,UDRREG
482,TRD2022121502609,Binong,15811,Bunut,74162,3,7,UDRREG
483,TRD2022121502621,Binong,15811,Cengkong,41373,2,5,UDRREG
484,TRD2022121502606,Binong,15811,Duren Sawit,13440,2,4,UDRREG
485,TRD2022121502611,Binong,15811,Faobata,86419,3,7,UDRREG
486,TRD2022121502593,Binong,15811,Gunung Sari Ilir,76121,3,5,UDRREG
487,TRD2022121502596,Binong,15811,Hatapang,21454,3,7,UDRREG
488,TRD2022121502629,Binong,15811,Jatibaru,35361,3,7,UDRREG
489,TRD2022121502628,Binong,15811,Jerukagung,56483,2,5,UDRREG
490,TRD2022121502627,Binong,15811,Karang Anyar Pantai,77111,3,6,UDRREG
491,TRD2022121502626,Binong,15811,Karukus,73555,3,7,UDRREG
492,TRD2022121502603,Binong,15811,Liselande,86111,3,7,UDRREG
493,TRD2022121502623,Binong,15811,Lubuk Pakam I-II,20511,3,7,UDRREG
494,TRD2022121502600,Binong,15811,Lubuk Pakam I-II,20511,3,7,UDRREG
495,TRD2022121502625,Binong,15811,Margahayu Utara,40214,2,5,UDRREG
496,TRD2022121502599,Binong,15811,Mekar Jaya,28381,3,7,UDRREG
497,TRD2022121502612,Binong,15811,Meunasah Blang /Blt,24352,3,7,UDRREG
498,TRD2022121502630,Binong,15811,Pampang,90231,3,5,UDRREG
499,TRD2022121502602,Binong,15811,Pampang,90231,3,5,UDRREG
500,TRD2022121502607,Binong,15811,Pancakarya,68175,2,5,UDRREG
501,TRD2022121502619,Binong,15811,Pemecutan,80232,3,5,UDRREG
502,TRD2022121502597,Binong,15811,Penkase Oeleta,85231,3,5,UDRREG
503,TRD2022121502616,Binong,15811,Peunyeurat,23117,3,5,UDRREG
504,TRD2022121502588,Binong,15811,Rambahan,29556,3,7,UDRREG
505,TRD2022121502620,Binong,15811,Riung Utara,95882,3,9,UDRREG
506,TRD2022121502605,Binong,15811,Sei/Sungai Melawen,74184,3,7,UDRREG
507,TRD2022121502591,Binong,15811,Sei/Sungai Pasir Putih,29352,3,7,UDRREG
508,TRD2022121502604,Binong,15811,Sinar Marga,32276,3,7,UDRREG
509,TRD2022121502608,Binong,15811,Suka Bhakti,34596,3,7,UDRREG
510,TRD2022121502598,Binong,15811,Sungailiat,33211,3,9,UDRREG
511,TRD2022121502617,Binong,15811,Sungai Nangka,76114,3,5,UDRREG
512,TRD2022121502601,Binong,15811,Tegal Harum,80361,3,7,UDRREG
513,TRD2022121502615,Binong,15811,Telaga/Tlaga Biru,69156,2,5,UDRREG
514,TRD2022121502589,Binong,15811,Teling,95651,3,7,UDRREG
515,TRD2022121502614,Binong,15811,Wulurmaatus,95958,3,7,UDRREG
516,TRD2022121602474,Binong,15811,Air Kepala Tujuh,33123,3,5,UDRREG
517,TRD2022121602478,Binong,15811,Argotirto,65176,2,5,UDRREG
518,TRD2022121602461,Binong,15811,Balam Sempurna Kota,28992,3,7,UDRREG
519,TRD2022121602457,Binong,15811,Balandai,91914,3,7,UDRREG
520,TRD2022121602463,Binong,15811,Balane,94362,3,7,UDRREG
521,TRD2022121602443,Binong,15811,Bali Mester,13310,2,4,UDRREG
522,TRD2022121602482,Binong,15811,Batu Besar,29466,3,5,UDRREG
523,TRD2022121602445,Binong,15811,Bongopini,96121,3,5,UDRREG
524,TRD2022121602467,Binong,15811,Bukaka,95782,3,7,UDRREG
525,TRD2022121602470,Binong,15811,Bulagidun Tanjung,94568,3,7,UDRREG
526,TRD2022121602455,Binong,15811,Bulogading,90111,3,5,UDRREG
527,TRD2022121602452,Binong,15811,Bunikasih,43261,2,5,UDRREG
528,TRD2022121602458,Binong,15811,Cakung Barat,13910,2,4,UDRREG
529,TRD2022121602472,Binong,15811,Harjatani,42453,1,3,UDRREG
530,TRD2022121602466,Binong,15811,Karangsambung,17540,2,4,UDRREG
531,TRD2022121602480,Binong,15811,Koha Timur,95661,3,7,UDRREG
532,TRD2022121602448,Binong,15811,Kompa Pari (Kombapari),87152,3,7,UDRREG
533,TRD2022121602477,Binong,15811,Korobonde,94966,3,7,UDRREG
534,TRD2022121602475,Binong,15811,Kospa Buata Karya (Dwata Karya),94772,3,7,UDRREG
535,TRD2022121602447,Binong,15811,Koto Majidin Hilir,33782,3,9,UDRREG
536,TRD2022121602462,Binong,15811,Lam Lueng,23363,3,7,UDRREG
537,TRD2022121602484,Binong,15811,Lembangsari,15540,1,2,UDRREG
538,TRD2022121602488,Binong,15811,Lera,92971,3,7,UDRREG
539,TRD2022121602485,Binong,15811,Lodtunduh,80582,3,7,UDRREG
540,TRD2022121602489,Binong,15811,Mangkio Baru,94711,3,7,UDRREG
541,TRD2022121602487,Binong,15811,Medan Sinembah,20362,3,7,UDRREG
542,TRD2022121602465,Binong,15811,Nelerereng,86253,3,7,UDRREG
543,TRD2022121602469,Binong,15811,Pamijen,52273,2,5,UDRREG
544,TRD2022121602464,Binong,15811,Pemecutan,80232,3,5,UDRREG
545,TRD2022121602459,Binong,15811,S 1/Satu Aek Nabara,21451,3,7,UDRREG
546,TRD2022121602446,Binong,15811,Salibabu Utara,95871,3,9,UDRREG
547,TRD2022121602449,Binong,15811,Satriamekar,17510,2,4,UDRREG
548,TRD2022121602456,Binong,15811,Sei/Sungai Alam,28711,3,7,UDRREG
549,TRD2022121602476,Binong,15811,Sekaran,62261,2,5,UDRREG
550,TRD2022121602454,Binong,15811,Serinanti,30672,3,7,UDRREG
551,TRD2022121602481,Binong,15811,Sidodadi,66182,2,5,UDRREG
552,TRD2022121602468,Binong,15811,Sondi Raya,21162,3,7,UDRREG
553,TRD2022121602444,Binong,15811,Sumber Bulu,68463,2,5,UDRREG
554,TRD2022121602479,Binong,15811,Sumber Sari,75571,3,7,UDRREG
555,TRD2022121602473,Binong,15811,Sumur Batu,10640,2,4,UDRREG
556,TRD2022121602486,Binong,15811,Tanjung Baru,32121,3,7,UDRREG
557,TRD2022121602453,Binong,15811,Tonom,95772,3,7,UDRREG
558,TRD2022121602483,Binong,15811,Wairbleler,86183,3,7,UDRREG
559,TRD2022121703998,Binong,15811,Air Hitam,28983,3,7,UDRREG
560,TRD2022121704030,Binong,15811,Ambela,95885,3,9,UDRREG
561,TRD2022121704000,Binong,15811,Baadale,85912,3,7,UDRREG
562,TRD2022121704005,Binong,15811,Bandar Jaya,36772,3,7,UDRREG
563,TRD2022121704023,Binong,15811,Bategencu,94661,3,7,UDRREG
564,TRD2022121703994,Binong,15811,Beji,16421,2,4,UDRREG
565,TRD2022121703991,Binong,15811,Bungo Koto Tuo,26192,3,7,UDRREG
566,TRD2022121704007,Binong,15811,Cempaka Putih,15411,1,2,UDRREG
567,TRD2022121704020,Binong,15811,Cot Keng,24188,3,7,UDRREG
568,TRD2022121704015,Binong,15811,Dataran Hijau,96584,3,7,UDRREG
569,TRD2022121704017,Binong,15811,Delima,28291,3,5,UDRREG
570,TRD2022121704016,Binong,15811,Dendengan Dalam,95127,3,5,UDRREG
571,TRD2022121704011,Binong,15811,Dua Laus,85752,3,9,UDRREG
572,TRD2022121703995,Binong,15811,Galung Maloang,91121,3,7,UDRREG
573,TRD2022121704024,Binong,15811,Golo Lalong,86571,3,7,UDRREG
574,TRD2022121704014,Binong,15811,Kandangan,66152,2,5,UDRREG
575,TRD2022121704028,Binong,15811,Kertajaya,45255,2,5,UDRREG
576,TRD2022121704029,Binong,15811,Langensari,40376,2,5,UDRREG
577,TRD2022121704021,Binong,15811,Lawir,86516,3,7,UDRREG
578,TRD2022121704019,Binong,15811,Lemahabang Kulon,45186,2,5,UDRREG
579,TRD2022121704003,Binong,15811,Majasetra,40382,2,5,UDRREG
580,TRD2022121704008,Binong,15811,Malinau Hulu,77554,3,8,UDRREG
581,TRD2022121704027,Binong,15811,Medan Krio,20351,3,7,UDRREG
582,TRD2022121704001,Binong,15811,Melasu Baru,77482,3,8,UDRREG
583,TRD2022121704031,Binong,15811,Nagasari,41314,2,5,UDRREG
584,TRD2022121704022,Binong,15811,Pantai Amal,77115,3,6,UDRREG
585,TRD2022121704009,Binong,15811,Penkase Oeleta,85231,3,5,UDRREG
586,TRD2022121704025,Binong,15811,Pesanggrahan,53274,2,5,UDRREG
587,TRD2022121704013,Binong,15811,Purwoharjo,68483,2,5,UDRREG
588,TRD2022121703992,Binong,15811,Sario Kotabaru,95115,3,5,UDRREG
589,TRD2022121703990,Binong,15811,Sario Kotabaru,95115,3,5,UDRREG
590,TRD2022121704006,Binong,15811,Talaga Warna,42163,1,3,UDRREG
591,TRD2022121704002,Binong,15811,Tani Harapan,75391,3,7,UDRREG
592,TRD2022121704010,Binong,15811,Tapah/Tapak Sari,36654,3,7,UDRREG
593,TRD2022121704018,Binong,15811,Tegal Harum,80361,3,7,UDRREG
594,TRD2022121704004,Binong,15811,Teluk Merbau,28991,3,7,UDRREG
595,TRD2022121703993,Binong,15811,Terasa,92653,3,7,UDRREG
596,TRD2022121703996,Binong,15811,Tri Manunggal,28464,3,7,UDRREG
597,TRD2022121704026,Binong,15811,Tumbang Randang,73554,3,7,UDRREG
598,TRD2022121703999,Binong,15811,Wolowea Timur,86462,3,7,UDRREG
599,TRD2022121704012,Binong,15811,Wundupopi,93116,3,5,UDRREG
600,TRD2022121703997,Binong,15811,Wundupopi,93116,3,5,UDRREG
601,TRD2022121904674,Binong,15811,Akcaya,78121,3,5,UDRREG
602,TRD2022121904675,Binong,15811,Asem Rowo,60182,2,4,UDRREG
603,TRD2022121904651,Binong,15811,Babura Sunggal,20121,3,5,UDRREG
604,TRD2022121904665,Binong,15811,Bailangu Timur,30711,3,7,UDRREG
605,TRD2022121904663,Binong,15811,Bailangu Timur,30711,3,7,UDRREG
606,TRD2022121904664,Binong,15811,Bajak III,38383,3,7,UDRREG
607,TRD2022121904676,Binong,15811,Balimbing,22753,3,7,UDRREG
608,TRD2022121904684,Binong,15811,Baru Ilir,76131,3,5,UDRREG
609,TRD2022121904653,Binong,15811,Bayunggede,80652,3,7,UDRREG
610,TRD2022121904693,Binong,15811,Bendokaton Kidul,59155,2,5,UDRREG
611,TRD2022121904685,Binong,15811,Birobuli Utara,94231,3,5,UDRREG
612,TRD2022121904686,Binong,15811,Bojongsari Baru,16516,2,5,UDRREG
613,TRD2022121904662,Binong,15811,Bunut,74162,3,7,UDRREG
614,TRD2022121904652,Binong,15811,Burangkeng,17155,2,4,UDRREG
615,TRD2022121904695,Binong,15811,Burangkeng,17155,2,4,UDRREG
616,TRD2022121904681,Binong,15811,Cakung Barat,13910,2,4,UDRREG
617,TRD2022121904654,Binong,15811,Cakung Barat,13910,2,4,UDRREG
618,TRD2022121904670,Binong,15811,Cemagi,80351,3,7,UDRREG
619,TRD2022121904692,Binong,15811,Cempaka Mulia Barat,74354,3,7,UDRREG
620,TRD2022121904690,Binong,15811,Cipadung,40614,2,4,UDRREG
621,TRD2022121904682,Binong,15811,Delima,28291,3,5,UDRREG
622,TRD2022121904660,Binong,15811,Jayakarsa,95377,3,7,UDRREG
623,TRD2022121904659,Binong,15811,Karangtalun,57464,2,5,UDRREG
624,TRD2022121904669,Binong,15811,Karawang Kulon,41311,2,5,UDRREG
625,TRD2022121904666,Binong,15811,Karta Mulya/Mulia,74172,3,7,UDRREG
626,TRD2022121904694,Binong,15811,Kelapa Gading Barat,14240,2,4,UDRREG
627,TRD2022121904688,Binong,15811,Lele,94973,3,7,UDRREG
628,TRD2022121904680,Binong,15811,Lok Bahu,75125,3,7,UDRREG
629,TRD2022121904661,Binong,15811,Majasetra,40293,2,4,UDRREG
630,TRD2022121904672,Binong,15811,Maras,38571,3,7,UDRREG
631,TRD2022121904673,Binong,15811,Nenang,76141,3,7,UDRREG
632,TRD2022121904656,Binong,15811,Pangkajene,91611,3,7,UDRREG
633,TRD2022121904678,Binong,15811,Panombeian,21165,3,7,UDRREG
634,TRD2022121904667,Binong,15811,Pante Paku,24261,3,7,UDRREG
635,TRD2022121904671,Binong,15811,Patra Manggala,15530,1,2,UDRREG
636,TRD2022121904691,Binong,15811,Penkase Oeleta,85231,3,5,UDRREG
637,TRD2022121904668,Binong,15811,Penkase Oeleta,85231,3,5,UDRREG
638,TRD2022121904689,Binong,15811,Perhentianmarpoyan,28125,3,5,UDRREG
639,TRD2022121904655,Binong,15811,Sabamban,74363,3,7,UDRREG
640,TRD2022121904696,Binong,15811,Sagulung Kota,29439,3,5,UDRREG
641,TRD2022121904649,Binong,15811,Sedayu,65175,2,5,UDRREG
642,TRD2022121904657,Binong,15811,Sedayu,57782,2,5,UDRREG
643,TRD2022121904683,Binong,15811,Selumit Pantai,77113,3,6,UDRREG
644,TRD2022121904679,Binong,15811,Silian Tengah,95998,3,7,UDRREG
645,TRD2022121904658,Binong,15811,Sukasari,17530,2,4,UDRREG
646,TRD2022121904687,Binong,15811,Tagalaya,97852,3,10,UDRREG
647,TRD2022121904677,Binong,15811,Tanah Raja,97713,3,5,UDRREG
648,TRD2022121904650,Binong,15811,Wairbleler,86183,3,7,UDRREG
649,TRD2022122004013,Binong,15811,27 Ilir,30141,3,5,UDRREG
650,TRD2022122004021,Binong,15811,Alasan Nggolobuton,94882,3,9,UDRREG
651,TRD2022122004018,Binong,15811,Asem Jaran,69263,2,5,UDRREG
652,TRD2022122004003,Binong,15811,Balam Sempurna Kota,28992,3,7,UDRREG
653,TRD2022122004011,Binong,15811,Balukhering,86252,3,7,UDRREG
654,TRD2022122004015,Binong,15811,Bantul,55711,2,5,UDRREG
655,TRD2022122004002,Binong,15811,Batu Sopang,76252,3,7,UDRREG
656,TRD2022122004019,Binong,15811,Beji,16431,2,4,UDRREG
657,TRD2022122004017,Binong,15811,Bukit,80811,3,7,UDRREG
658,TRD2022122003992,Binong,15811,Caturtunggal,55281,2,5,UDRREG
659,TRD2022122003984,Binong,15811,Cibodas,43284,2,5,UDRREG
660,TRD2022122004005,Binong,15811,Gamalama,97721,3,5,UDRREG
661,TRD2022122004008,Binong,15811,Gendingan,63256,2,5,UDRREG
662,TRD2022122003990,Binong,15811,Jelayan,78874,3,7,UDRREG
663,TRD2022122004020,Binong,15811,Jelayan,78874,3,7,UDRREG
664,TRD2022122004022,Binong,15811,Kelapa Gading Barat,14240,2,4,UDRREG
665,TRD2022122003987,Binong,15811,Koja (Utara-Selatan),14210,2,4,UDRREG
666,TRD2022122004025,Binong,15811,Lenteng Agung,12630,2,4,UDRREG
667,TRD2022122004009,Binong,15811,Lenteng Agung,12630,2,4,UDRREG
668,TRD2022122003997,Binong,15811,Lera,92971,3,7,UDRREG
669,TRD2022122004001,Binong,15811,Mamasa,91362,3,8,UDRREG
670,TRD2022122003996,Binong,15811,Manente,95811,3,9,UDRREG
671,TRD2022122004012,Binong,15811,Manola,87284,3,7,UDRREG
672,TRD2022122004026,Binong,15811,Ogotomubu (Ogotumubu),94476,3,7,UDRREG
673,TRD2022122003993,Binong,15811,Omben,69291,2,5,UDRREG
674,TRD2022122003988,Binong,15811,Pepas/Pepes Asa,75776,3,7,UDRREG
675,TRD2022122004014,Binong,15811,Perkebunan Afdeling II Rantau Prapat,21411,3,7,UDRREG
676,TRD2022122003986,Binong,15811,Petaling,30655,3,7,UDRREG
677,TRD2022122004010,Binong,15811,Pulubala,96127,3,5,UDRREG
678,TRD2022122003998,Binong,15811,Ramanuju,42431,1,3,UDRREG
679,TRD2022122003985,Binong,15811,Rejosari,56151,2,5,UDRREG
680,TRD2022122003994,Binong,15811,Sedayulawas,62263,2,5,UDRREG
681,TRD2022122004004,Binong,15811,Siberuang,28453,3,7,UDRREG
682,TRD2022122004007,Binong,15811,Simarancar,22765,3,7,UDRREG
683,TRD2022122003999,Binong,15811,Sukajawa,35151,3,5,UDRREG
684,TRD2022122004000,Binong,15811,Suka Mulya (Sukamulia),23952,3,7,UDRREG
685,TRD2022122003995,Binong,15811,Sungai Paus Firdaus,24410,3,7,UDRREG
686,TRD2022122004023,Binong,15811,Sungai Teritip,29255,3,7,UDRREG
687,TRD2022122004016,Binong,15811,Tanjungpauh Talang Pelita,36364,3,7,UDRREG
688,TRD2022122004024,Binong,15811,Teluk Terate,42161,1,3,UDRREG
689,TRD2022122003989,Binong,15811,Traji,56254,2,5,UDRREG
690,TRD2022122003991,Binong,15811,Uso,94762,3,7,UDRREG
691,TRD2022122103326,Binong,15811,Aeramo,86472,3,7,UDRREG
692,TRD2022122103315,Binong,15811,Ambela,95885,3,9,UDRREG
693,TRD2022122103347,Binong,15811,Babura Sunggal,20121,3,5,UDRREG
694,TRD2022122103340,Binong,15811,Bajarum,74353,3,7,UDRREG
695,TRD2022122103353,Binong,15811,Balimbing,22753,3,7,UDRREG
696,TRD2022122103341,Binong,15811,Bantul,55711,2,5,UDRREG
697,TRD2022122103321,Binong,15811,Bone Buntu Sisong,91815,3,7,UDRREG
698,TRD2022122103325,Binong,15811,Bungin,91812,3,7,UDRREG
699,TRD2022122103312,Binong,15811,Cempaka Mulia Barat,74354,3,7,UDRREG
700,TRD2022122103352,Binong,15811,Cintamarga,30673,3,7,UDRREG
701,TRD2022122103322,Binong,15811,Gunung Elai,75311,3,7,UDRREG
702,TRD2022122103330,Binong,15811,Gunung Sari Ilir,76121,3,5,UDRREG
703,TRD2022122103349,Binong,15811,Janji Matogu Ur,22755,3,7,UDRREG
704,TRD2022122103346,Binong,15811,Jantuk,83652,3,7,UDRREG
705,TRD2022122103317,Binong,15811,Karang Pilang,60221,2,4,UDRREG
706,TRD2022122103334,Binong,15811,Karang Tunggal,74355,3,7,UDRREG
707,TRD2022122103344,Binong,15811,Karya Mukti,30681,3,7,UDRREG
708,TRD2022122103350,Binong,15811,Katiagan Mandiangin,26567,3,7,UDRREG
709,TRD2022122103331,Binong,15811,Kemuning,61265,2,5,UDRREG
710,TRD2022122103345,Binong,15811,Koja (Utara-Selatan),14210,2,4,UDRREG
711,TRD2022122103319,Binong,15811,Lenggadai/Langgadai Hilir,28953,3,7,UDRREG
712,TRD2022122103313,Binong,15811,Manggala,79672,3,7,UDRREG
713,TRD2022122103337,Binong,15811,Matur Mudiak,26162,3,7,UDRREG
714,TRD2022122103324,Binong,15811,Megang Sakti V,31657,3,7,UDRREG
715,TRD2022122103316,Binong,15811,Melasu Baru,77482,3,8,UDRREG
716,TRD2022122103314,Binong,15811,Ngepungsari,57784,2,5,UDRREG
717,TRD2022122103323,Binong,15811,Pangkalan Petal,29432,3,5,UDRREG
718,TRD2022122103329,Binong,15811,Pardolok Lumban Lobu,22386,3,7,UDRREG
719,TRD2022122103338,Binong,15811,Patra Manggala,15530,1,2,UDRREG
720,TRD2022122103318,Binong,15811,Penkase Oeleta,85231,3,5,UDRREG
721,TRD2022122103348,Binong,15811,Rejuno,63284,2,5,UDRREG
722,TRD2022122103339,Binong,15811,Rengas,15412,1,2,UDRREG
723,TRD2022122103328,Binong,15811,Setiamekar,17111,2,4,UDRREG
724,TRD2022122103320,Binong,15811,Siberuang,28453,3,7,UDRREG
725,TRD2022122103351,Binong,15811,Simpang Beringin,28383,3,7,UDRREG
726,TRD2022122103342,Binong,15811,Sukanegeri Jaya,35377,3,7,UDRREG
727,TRD2022122103311,Binong,15811,Sukorejo,62366,2,5,UDRREG
728,TRD2022122103336,Binong,15811,Sumberbening,66363,2,5,UDRREG
729,TRD2022122103343,Binong,15811,Sumbergirang,61363,2,5,UDRREG
730,TRD2022122103335,Binong,15811,Sungai Teritip,29255,3,7,UDRREG
731,TRD2022122103332,Binong,15811,Tambaksari Kidul,53182,2,5,UDRREG
732,TRD2022122103333,Binong,15811,Tebas Sungai,79461,3,7,UDRREG
733,TRD2022122103327,Binong,15811,Tumbang Rungan,73111,3,5,UDRREG
734,TRD2022122103354,Binong,15811,Wulurmaatus,95958,3,7,UDRREG
735,TRD2022122203555,Binong,15811,Air Tawar Barat,25132,3,5,UDRREG
736,TRD2022122203548,Binong,15811,Ardirejo,68321,2,5,UDRREG
737,TRD2022122203550,Binong,15811,Barejulat,83511,3,7,UDRREG
738,TRD2022122203531,Binong,15811,Berlian Makmur,30756,3,7,UDRREG
739,TRD2022122203546,Binong,15811,Bongkaran,60161,2,4,UDRREG
740,TRD2022122203534,Binong,15811,Bukit,80811,3,7,UDRREG
741,TRD2022122203532,Binong,15811,Cigadog,41283,2,5,UDRREG
742,TRD2022122203528,Binong,15811,Cikalong,40556,2,5,UDRREG
743,TRD2022122203535,Binong,15811,Cipadung,40614,2,4,UDRREG
744,TRD2022122203527,Binong,15811,Debong Lor,52115,2,5,UDRREG
745,TRD2022122203560,Binong,15811,Delima,28291,3,5,UDRREG
746,TRD2022122203533,Binong,15811,Duren Sawit,13440,2,4,UDRREG
747,TRD2022122203558,Binong,15811,Ganggang Panjang,61272,2,5,UDRREG
748,TRD2022122203549,Binong,15811,Gebang Putih,60117,2,4,UDRREG
749,TRD2022122203553,Binong,15811,Gembong,15610,1,2,UDRREG
750,TRD2022122203556,Binong,15811,Gunung Silanu,92352,3,7,UDRREG
751,TRD2022122203540,Binong,15811,Jatirejo,50223,2,4,UDRREG
752,TRD2022122203552,Binong,15811,Kalawat,95378,3,7,UDRREG
753,TRD2022122203561,Binong,15811,Lenteng Agung,12630,2,4,UDRREG
754,TRD2022122203543,Binong,15811,Lodtunduh,80582,3,7,UDRREG
755,TRD2022122203544,Binong,15811,Lowa,93573,3,7,UDRREG
756,TRD2022122203545,Binong,15811,Mantehage Buhias,95376,3,7,UDRREG
757,TRD2022122203547,Binong,15811,Marga Manunggal Jaya,36365,3,7,UDRREG
758,TRD2022122203557,Binong,15811,Mataiyang,84455,3,9,UDRREG
759,TRD2022122203541,Binong,15811,Mekar Bhuwana,80352,3,7,UDRREG
760,TRD2022122203526,Binong,15811,Oenoni Dua,85367,3,7,UDRREG
761,TRD2022122203539,Binong,15811,Padang Bindu,31626,3,7,UDRREG
762,TRD2022122203525,Binong,15811,Pagak,57272,2,5,UDRREG
763,TRD2022122203542,Binong,15811,Pakuure Kinamang,95355,3,7,UDRREG
764,TRD2022122203538,Binong,15811,Pandan Sari,24784,3,7,UDRREG
765,TRD2022122203554,Binong,15811,Putussibau Kota,78716,3,7,UDRREG
766,TRD2022122203529,Binong,15811,Randuagung,65153,2,5,UDRREG
767,TRD2022122203530,Binong,15811,Sambirobyong,66291,2,5,UDRREG
768,TRD2022122203562,Binong,15811,Sei/Sungai Antai,74561,3,7,UDRREG
769,TRD2022122203559,Binong,15811,Tumbulawa,94691,3,9,UDRREG
770,TRD2022122203536,Binong,15811,Ulujami,12230,2,4,UDRREG
771,TRD2022122203537,Binong,15811,Wadumedi (Wadumeddi),85391,3,5,UDRREG
772,TRD2022122203551,Binong,15811,Wae Wako,86753,3,7,UDRREG
773,TRD2022122302702,Binong,15811,Akar Akar,83354,3,7,UDRREG
774,TRD2022122302703,Binong,15811,Anaiwoi,93118,3,5,UDRREG
775,TRD2022122302720,Binong,15811,Anduonohu,93231,3,5,UDRREG
776,TRD2022122302730,Binong,15811,Angke,11330,2,4,UDRREG
777,TRD2022122302723,Binong,15811,Api Api,76284,3,7,UDRREG
778,TRD2022122302742,Binong,15811,Babakan,15315,1,2,UDRREG
779,TRD2022122302704,Binong,15811,Bakaran Batu,21421,3,7,UDRREG
780,TRD2022122302729,Binong,15811,Bakunase Dua,85116,3,5,UDRREG
781,TRD2022122302699,Binong,15811,Bakunase Dua,85116,3,5,UDRREG
782,TRD2022122302731,Binong,15811,Bandar Tengah,20994,3,7,UDRREG
783,TRD2022122302733,Binong,15811,Baru,94221,3,5,UDRREG
784,TRD2022122302726,Binong,15811,Batangkaluku,92117,3,7,UDRREG
785,TRD2022122302737,Binong,15811,Batu Besar,29466,3,5,UDRREG
786,TRD2022122302696,Binong,15811,Batunampar,83672,3,7,UDRREG
787,TRD2022122302735,Binong,15811,Batu Sopang,76252,3,7,UDRREG
788,TRD2022122302700,Binong,15811,Birobuli Utara,94231,3,5,UDRREG
789,TRD2022122302734,Binong,15811,Bukit Tunggal,73112,3,5,UDRREG
790,TRD2022122302709,Binong,15811,Cipada,40551,2,5,UDRREG
791,TRD2022122302715,Binong,15811,Cipadu,15155,1,2,UDRREG
792,TRD2022122302721,Binong,15811,Darat Sekip,78117,3,5,UDRREG
793,TRD2022122302728,Binong,15811,Datar Ruyung,38617,3,7,UDRREG
794,TRD2022122302694,Binong,15811,Dendengan Dalam,95127,3,5,UDRREG
795,TRD2022122302740,Binong,15811,Duren Sawit,13440,2,4,UDRREG
796,TRD2022122302724,Binong,15811,Gandekan,57122,2,5,UDRREG
797,TRD2022122302712,Binong,15811,Gantiwarno,57716,2,5,UDRREG
798,TRD2022122302736,Binong,15811,Gentuma,96253,3,7,UDRREG
799,TRD2022122302706,Binong,15811,Kacaribu,22111,3,7,UDRREG
800,TRD2022122302725,Binong,15811,Kalembu Kuni,87217,3,7,UDRREG
801,TRD2022122302711,Binong,15811,Kampung Gelgel,80716,3,7,UDRREG
802,TRD2022122302698,Binong,15811,Karukus,73555,3,7,UDRREG
803,TRD2022122302714,Binong,15811,Karya Ambalutu,21262,3,7,UDRREG
804,TRD2022122302739,Binong,15811,Karya Ambalutu,21262,3,7,UDRREG
805,TRD2022122302717,Binong,15811,Kedewatan,80571,3,7,UDRREG
806,TRD2022122302710,Binong,15811,Kemala Raja,32111,3,7,UDRREG
807,TRD2022122302713,Binong,15811,Lalodati,93115,3,5,UDRREG
808,TRD2022122302722,Binong,15811,Mangunharjo,67217,2,5,UDRREG
809,TRD2022122302741,Binong,15811,Murung Keramat,73512,3,7,UDRREG
810,TRD2022122302718,Binong,15811,Panjer,80225,3,5,UDRREG
811,TRD2022122302727,Binong,15811,Pelaga,80353,3,7,UDRREG
812,TRD2022122302697,Binong,15811,Pemecutan,80232,3,5,UDRREG
813,TRD2022122302695,Binong,15811,Prahu Dipo,31521,3,7,UDRREG
814,TRD2022122302701,Binong,15811,Purwosari,59563,2,5,UDRREG
815,TRD2022122302738,Binong,15811,Rangau Raya,74271,3,7,UDRREG
816,TRD2022122302716,Binong,15811,Rapak Lambur,75511,3,7,UDRREG
817,TRD2022122302719,Binong,15811,Raut Muara,78556,3,7,UDRREG
818,TRD2022122302707,Binong,15811,Sei/Sungai Meriam,75381,3,7,UDRREG
819,TRD2022122302732,Binong,15811,Semin,55854,2,5,UDRREG
820,TRD2022122302743,Binong,15811,Tegal Harum,80361,3,7,UDRREG
821,TRD2022122302708,Binong,15811,Tri Buana,80852,3,7,UDRREG
822,TRD2022122302705,Curug Kulon,15810,Curug Kulon,15810,1,2,UDRREG
823,TRD2022122404183,Binong,15811,Ae Ndoko,86353,3,7,UDRREG
824,TRD2022122404202,Binong,15811,Air Kepala Tujuh,33123,3,5,UDRREG
825,TRD2022122404193,Binong,15811,Bayunggede,80652,3,7,UDRREG
826,TRD2022122404166,Binong,15811,Belutu,28686,3,7,UDRREG
827,TRD2022122404177,Binong,15811,Bolora,87252,3,7,UDRREG
828,TRD2022122404159,Binong,15811,Cibubur,13720,2,4,UDRREG
829,TRD2022122404201,Binong,15811,Citangkil,42441,1,3,UDRREG
830,TRD2022122404168,Binong,15811,Derwati,40292,2,4,UDRREG
831,TRD2022122404200,Binong,15811,Done,86152,3,7,UDRREG
832,TRD2022122404175,Binong,15811,Dumai Kota,28811,3,7,UDRREG
833,TRD2022122404186,Binong,15811,Faobata,86419,3,7,UDRREG
834,TRD2022122404164,Binong,15811,Galung Maloang,91121,3,7,UDRREG
835,TRD2022122404204,Binong,15811,Hegarsari,44153,2,5,UDRREG
836,TRD2022122404176,Binong,15811,Joho,64161,2,5,UDRREG
837,TRD2022122404178,Binong,15811,Kebonsari,63173,2,5,UDRREG
838,TRD2022122404195,Binong,15811,Kebunayu,83363,3,7,UDRREG
839,TRD2022122404173,Binong,15811,Kedunggempol,61382,2,5,UDRREG
840,TRD2022122404187,Binong,15811,Les,81173,3,7,UDRREG
841,TRD2022122404171,Binong,15811,Londu,84181,3,9,UDRREG
842,TRD2022122404162,Binong,15811,Lubuk Keranji,28384,3,7,UDRREG
843,TRD2022122404192,Binong,15811,Mareje Timur,83364,3,7,UDRREG
844,TRD2022122404167,Binong,15811,Maunum Niki Niki,85571,3,9,UDRREG
845,TRD2022122404194,Binong,15811,Mutis,85561,3,9,UDRREG
846,TRD2022122404188,Binong,15811,Mutis,85561,3,9,UDRREG
847,TRD2022122404181,Binong,15811,Nelerereng,86253,3,7,UDRREG
848,TRD2022122404165,Binong,15811,Ngalukoja,86381,3,7,UDRREG
849,TRD2022122404196,Binong,15811,Padangan,66252,2,5,UDRREG
850,TRD2022122404184,Binong,15811,Panjer,80113,3,5,UDRREG
851,TRD2022122404190,Binong,15811,Pantai Hurip,17610,2,4,UDRREG
852,TRD2022122404170,Binong,15811,Penkase Oeleta,85231,3,5,UDRREG
853,TRD2022122404199,Binong,15811,Perhentianmarpoyan,28125,3,5,UDRREG
854,TRD2022122404172,Binong,15811,Pucangan,63263,2,5,UDRREG
855,TRD2022122404198,Binong,15811,Ranca Iyuh,15710,1,2,UDRREG
856,TRD2022122404179,Binong,15811,Rejosari,33111,3,5,UDRREG
857,TRD2022122404180,Binong,15811,Rejosari,58152,2,5,UDRREG
858,TRD2022122404185,Binong,15811,Riang Kemie,86211,3,7,UDRREG
859,TRD2022122404158,Binong,15811,Rungkut Tengah,60293,2,4,UDRREG
860,TRD2022122404160,Binong,15811,Samatan,69363,2,5,UDRREG
861,TRD2022122404169,Binong,15811,Selat Panjang Timur,28753,3,9,UDRREG
862,TRD2022122404191,Binong,15811,Setiamekar,17111,2,4,UDRREG
863,TRD2022122404161,Binong,15811,Seuneubok Cina,24457,3,7,UDRREG
864,TRD2022122404189,Binong,15811,Siwal,57556,2,5,UDRREG
865,TRD2022122404163,Binong,15811,Sumberejo,67316,2,5,UDRREG
866,TRD2022122404182,Binong,15811,Tambakan,57452,2,5,UDRREG
867,TRD2022122404174,Binong,15811,Tanjung Kramat,96111,3,5,UDRREG
868,TRD2022122404197,Binong,15811,Tikatukang,86262,3,7,UDRREG
869,TRD2022122404203,Binong,15811,Wadumedi (Wadumeddi),85391,3,5,UDRREG
870,TRD2022122607445,Binong,15811,Asem Rowo,60182,2,4,UDRREG
871,TRD2022122607459,Binong,15811,Bangkudu,93672,3,9,UDRREG
872,TRD2022122607474,Binong,15811,Barejulat,83511,3,7,UDRREG
873,TRD2022122607454,Binong,15811,Bengkak,68453,2,5,UDRREG
874,TRD2022122607440,Binong,15811,Beo Sepang,86754,3,7,UDRREG
875,TRD2022122607466,Binong,15811,Bukit Membual,94717,3,7,UDRREG
876,TRD2022122607444,Binong,15811,Bumi Mas,34381,3,7,UDRREG
877,TRD2022122607477,Binong,15811,Bunut,74162,3,7,UDRREG
878,TRD2022122607453,Binong,15811,Cingcin,40921,2,5,UDRREG
879,TRD2022122607470,Binong,15811,Galur,10530,2,4,UDRREG
880,TRD2022122607441,Binong,15811,Gembong,15610,1,2,UDRREG
881,TRD2022122607473,Binong,15811,Gembong,15610,1,2,UDRREG
882,TRD2022122607452,Binong,15811,Gondang,83353,3,7,UDRREG
883,TRD2022122607443,Binong,15811,Guntung Paikat,70713,3,7,UDRREG
884,TRD2022122607456,Binong,15811,Jayabakti,17720,2,4,UDRREG
885,TRD2022122607447,Binong,15811,Krukut,16512,2,4,UDRREG
886,TRD2022122607449,Binong,15811,Labuhan Alas,84353,3,9,UDRREG
887,TRD2022122607475,Binong,15811,Leupu,24167,3,7,UDRREG
888,TRD2022122607450,Binong,15811,Linggi,23891,3,9,UDRREG
889,TRD2022122607464,Binong,15811,Matabubu,93883,3,7,UDRREG
890,TRD2022122607442,Binong,15811,Mataiyang,84455,3,9,UDRREG
891,TRD2022122607469,Binong,15811,Mataiyang,84455,3,9,UDRREG
892,TRD2022122607439,Binong,15811,Medan Krio,20351,3,7,UDRREG
893,TRD2022122607460,Binong,15811,Pa Batang,90131,3,5,UDRREG
894,TRD2022122607478,Binong,15811,Pasar II Prabumulih,31113,3,7,UDRREG
895,TRD2022122607467,Binong,15811,Pulorejo,59181,2,5,UDRREG
896,TRD2022122607463,Binong,15811,Rhee Loka,84352,3,9,UDRREG
897,TRD2022122607468,Binong,15811,Sedayu,65175,2,5,UDRREG
898,TRD2022122607448,Binong,15811,Setiamekar,17111,2,4,UDRREG
899,TRD2022122607457,Binong,15811,Singkalan,61263,2,5,UDRREG
900,TRD2022122607458,Binong,15811,Slawe,66382,2,5,UDRREG
901,TRD2022122607465,Binong,15811,Suka Makmur,30758,3,7,UDRREG
902,TRD2022122607472,Binong,15811,Sukasari,17530,2,4,UDRREG
903,TRD2022122607461,Binong,15811,Talaga Warna,42163,1,3,UDRREG
904,TRD2022122607455,Binong,15811,Tampumia Radda,91994,3,7,UDRREG
905,TRD2022122607462,Binong,15811,Tanah Raja,97713,3,5,UDRREG
906,TRD2022122607446,Binong,15811,Tepian Buah,77361,3,7,UDRREG
907,TRD2022122607451,Binong,15811,Tirtakencana,37553,3,7,UDRREG
908,TRD2022122607476,Binong,15811,Wadumedi (Wadumeddi),85391,3,5,UDRREG
909,TRD2022122903971,Binong,15811,Asri Mulia,70881,3,7,UDRREG
910,TRD2022122903968,Binong,15811,Babakan Penghulu,40294,2,4,UDRREG
911,TRD2022122903938,Binong,15811,Bajarum,74353,3,7,UDRREG
912,TRD2022122903979,Binong,15811,Balam Sempurna Kota,28992,3,7,UDRREG
913,TRD2022122903965,Binong,15811,Baloi Permai,29431,3,5,UDRREG
914,TRD2022122903960,Binong,15811,Bambu Apus,15415,1,2,UDRREG
915,TRD2022122903936,Binong,15811,Banaresep Barat,69461,2,5,UDRREG
916,TRD2022122903972,Binong,15811,Bengkol,95251,3,5,UDRREG
917,TRD2022122903957,Binong,15811,Berlian Makmur,30756,3,7,UDRREG
918,TRD2022122903967,Binong,15811,Birobuli Utara,94231,3,5,UDRREG
919,TRD2022122903949,Binong,15811,Cihanjuang,40559,2,5,UDRREG
920,TRD2022122903980,Binong,15811,Conggeang Wetan,45391,2,5,UDRREG
921,TRD2022122903976,Binong,15811,Darmacaang,46261,2,5,UDRREG
922,TRD2022122903937,Binong,15811,Desky Jaya,24673,3,7,UDRREG
923,TRD2022122903974,Binong,15811,Gumiwanglor,57661,2,5,UDRREG
924,TRD2022122903973,Binong,15811,Gunong Kleng,23681,3,7,UDRREG
925,TRD2022122903943,Binong,15811,Guntung Paikat,70713,3,7,UDRREG
926,TRD2022122903959,Binong,15811,Karang Tengah,15157,1,2,UDRREG
927,TRD2022122903963,Binong,15811,Karang Tunggal,74355,3,7,UDRREG
928,TRD2022122903983,Binong,15811,Kasemen,42162,1,2,UDRREG
929,TRD2022122903948,Binong,15811,Kayu Agung,15520,1,2,UDRREG
930,TRD2022122903950,Binong,15811,Lenteng Agung,12630,2,4,UDRREG
931,TRD2022122903978,Binong,15811,Lenteng Agung,12630,2,4,UDRREG
932,TRD2022122903953,Binong,15811,Lolawang,61385,2,5,UDRREG
933,TRD2022122903939,Binong,15811,Manggala,79672,3,7,UDRREG
934,TRD2022122903975,Binong,15811,Mekar Bhuwana,80352,3,7,UDRREG
935,TRD2022122903982,Binong,15811,Mekar Bhuwana,80352,3,7,UDRREG
936,TRD2022122903941,Binong,15811,Nagasari,41314,2,5,UDRREG
937,TRD2022122903952,Binong,15811,Pasir Impun,40191,2,4,UDRREG
938,TRD2022122903977,Binong,15811,Ped,80771,3,9,UDRREG
939,TRD2022122903969,Binong,15811,Pepas/Pepes Asa,75776,3,7,UDRREG
940,TRD2022122903954,Binong,15811,Perhentianmarpoyan,28125,3,5,UDRREG
941,TRD2022122903944,Binong,15811,Perhentianmarpoyan,28125,3,5,UDRREG
942,TRD2022122903984,Binong,15811,Pertibitembe,22173,3,7,UDRREG
943,TRD2022122903964,Binong,15811,Pinang Sebatang Barat,28772,3,7,UDRREG
944,TRD2022122903961,Binong,15811,Pulungan,61253,2,5,UDRREG
945,TRD2022122903955,Binong,15811,Rapak Lambur,75511,3,7,UDRREG
946,TRD2022122903942,Binong,15811,Rengas,15412,1,2,UDRREG
947,TRD2022122903956,Binong,15811,Satriamekar,17510,2,4,UDRREG
948,TRD2022122903962,Binong,15811,Selokaton,51363,2,5,UDRREG
949,TRD2022122903985,Binong,15811,Sindanglaya,40195,2,5,UDRREG
950,TRD2022122903951,Binong,15811,Sokkolia,92171,3,7,UDRREG
951,TRD2022122903940,Binong,15811,Sukajawa,35151,3,5,UDRREG
952,TRD2022122903946,Binong,15811,Sungai Nangka,76114,3,5,UDRREG
953,TRD2022122903958,Binong,15811,Tanjung Balai Karimun,29661,3,9,UDRREG
954,TRD2022122903966,Binong,15811,Tegal Harum,80361,3,7,UDRREG
955,TRD2022122903981,Binong,15811,Warukin,71561,3,7,UDRREG
956,TRD2022122903945,Binong,15811,Yangapi,80671,3,7,UDRREG
