Id,provinceId,Pulau,provinceName,typeLabel,cityName,Daerah,Latitude,Longitude,postalCode,regionWage,population,marketValue,probability
1,2,Sumatera,Bangka Belitung,Kabupaten,Bangka,Kabupaten Bangka,-2.741174,106.440587,33214,3510076,334344,1174430966144,0.00384
2,2,Sumatera,Bangka Belitung,Kabupaten,Bangka Barat,Kabupaten Bangka Barat,-1.997875,105.222326,33312,3510076,209413,734976957188,0.00240
3,2,Sumatera,Bangka Belitung,Kabupaten,Bangka Selatan,Kabupaten Bangka Selatan,-3.084776,106.109833,33783,3510076,202263,709913050188,0.00232
4,2,Sumatera,Bangka Belitung,Kabupaten,Bangka Tengah,Kabupaten Bangka Tengah,-2.741973,106.440579,33684,3510076,205510,721104246560,0.00236
5,2,Sumatera,Bangka Belitung,Kabupaten,Belitung,Kabupaten Belitung,-2.741736,107.625053,33411,3510076,186331,654094699156,0.00214
6,2,Sumatera,Bangka Belitung,Kabupaten,Belitung Timur,Kabupaten Belitung Timur,-2.909958,108.160792,33511,3510076,130463,457329000088,0.00150
7,2,Sumatera,Bangka Belitung,Kota,Pangkal Pinang,Kota Pangkal Pinang,-2.129178,106.109733,33123,3510076,226297,793000537372,0.00259
8,4,Sumatera,Bengkulu,Kota,Bengkulu,Kota Bengkulu,-3.800649,102.256173,38118,2601802,373591,971574842582,0.00318
9,4,Sumatera,Bengkulu,Kabupaten,Bengkulu Selatan,Kabupaten Bengkulu Selatan,-4.222318,103.012315,38571,2418280,166249,401506661720,0.00131
10,4,Sumatera,Bengkulu,Kabupaten,Bengkulu Tengah,Kabupaten Bengkulu Tengah,-3.792366,102.277413,38375,2494915,116706,291033631590,0.00095
11,4,Sumatera,Bengkulu,Kabupaten,Bengkulu Utara,Kabupaten Bengkulu Utara,-3.142545,101.173582,38612,2418280,296523,716640719240,0.00234
12,4,Sumatera,Bengkulu,Kabupaten,Kaur,Kabupaten Kaur,-4.280434,103.446144,38956,2418280,126551,306512409280,0.00100
13,4,Sumatera,Bengkulu,Kabupaten,Kepahiang,Kabupaten Kepahiang,-3.662338,102.524653,39112,2418280,149737,362390004960,0.00118
14,4,Sumatera,Bengkulu,Kabupaten,Lebong,Kabupaten Lebong,-3.053336,102.489627,39265,2418280,106293,257249482040,0.00084
15,4,Sumatera,Bengkulu,Kabupaten,Muko Muko,Kabupaten Muko Muko,-2.574339,101.161049,38711,2418280,190498,460744232240,0.00151
16,4,Sumatera,Bengkulu,Kabupaten,Rejang Lebong,Kabupaten Rejang Lebong,-3.385216,102.759482,39115,2418280,276645,669546782600,0.00219
17,4,Sumatera,Bengkulu,Kabupaten,Seluma,Kabupaten Seluma,-4.078363,103.738369,38878,2418280,207877,503342184560,0.00165
18,7,Sulawesi,Gorontalo,Kabupaten,Boalemo,Kabupaten Boalemo,0.648322,122.494283,96362,2989350,148526,444031064100,0.00145
19,7,Sulawesi,Gorontalo,Kabupaten,Bone Bolango,Kabupaten Bone Bolango,0.686869,123.028466,96582,2989350,166200,496876470000,0.00162
20,7,Sulawesi,Gorontalo,Kabupaten,Gorontalo,Kabupaten Gorontalo,0.550606,123.056555,96211,2989350,398801,1191951899350,0.00390
21,7,Sulawesi,Gorontalo,Kota,Gorontalo,Kota Gorontalo,0.54854,123.070209,96112,2989350,398801,1191951899350,0.00390
22,7,Sulawesi,Gorontalo,Kabupaten,Gorontalo Utara,Kabupaten Gorontalo Utara,0.890577,122.831301,96254,2989350,128563,384155309550,0.00126
23,7,Sulawesi,Gorontalo,Kabupaten,Pohuwato,Kabupaten Pohuwato,0.739309,121.991675,96266,2989350,149297,446226911650,0.00146
24,8,Sumatera,Jambi,Kabupaten,Batang Hari,Kabupaten Batang Hari,-1.338478,103.649899,36611,2943033,275504,809392316512,0.00265
25,8,Sumatera,Jambi,Kabupaten,Bungo,Kabupaten Bungo,-1.346301,101.842768,37211,2943033,382311,1124689710863,0.00368
26,8,Sumatera,Jambi,Kota,Jambi,Kota Jambi,-1.610122,103.613122,36128,3230207,611353,1974424496721,0.00645
27,8,Sumatera,Jambi,Kabupaten,Kerinci,Kabupaten Kerinci,-2.04188,101.986481,37162,2943033,239606,705756085798,0.00231
28,8,Sumatera,Jambi,Kabupaten,Merangin,Kabupaten Merangin,-2.34895,102.126105,37311,2943033,394174,1158980288042,0.00379
29,8,Sumatera,Jambi,Kabupaten,Muaro Jambi,Kabupaten Muaro Jambi,-1.602238,103.610513,36364,2999695,454524,1364405617880,0.00446
30,8,Sumatera,Jambi,Kabupaten,Sarolangun,Kabupaten Sarolangun,-2.329868,102.485574,37481,2969069,307585,912187442165,0.00298
31,8,Sumatera,Jambi,Kota,Sungaipenuh,Kota Sungaipenuh,-2.062179,101.387452,37111,2943033,91739,270046605787,0.00088
32,8,Sumatera,Jambi,Kabupaten,Tanjung Jabung Barat,Kabupaten Tanjung Jabung Barat,-1.25072,103.38945,36514,3002284,333932,1002633790088,0.00328
33,8,Sumatera,Jambi,Kabupaten,Tanjung Jabung Timur,Kabupaten Tanjung Jabung Timur,-1.292884,103.879452,36514,2943033,231772,681139857636,0.00223
34,8,Sumatera,Jambi,Kabupaten,Tebo,Kabupaten Tebo,-1.578579,102.349139,37571,2943033,360193,1059994770969,0.00347
35,12,Kalimantan,Kalimantan Barat,Kabupaten,Bengkayang,Kabupaten Bengkayang,1.013747,109.618018,79211,2767564,296855,820557168520,0.00268
36,12,Kalimantan,Kalimantan Barat,Kabupaten,Kapuas Hulu,Kabupaten Kapuas Hulu,0.918956,112.926506,78716,2661842,254995,678420061790,0.00222
37,12,Kalimantan,Kalimantan Barat,Kabupaten,Kayong Utara,Kabupaten Kayong Utara,-1.350377,110.436354,78852,2930678,131104,384124229712,0.00126
38,12,Kalimantan,Kalimantan Barat,Kabupaten,Ketapang,Kabupaten Ketapang,-1.88691,109.967179,78873,3085615,591917,1824140089855,0.00596
39,12,Kalimantan,Kalimantan Barat,Kabupaten,Kubu Raya,Kabupaten Kubu Raya,0.122803,109.609764,78384,2646878,622217,1647717376726,0.00539
40,12,Kalimantan,Kalimantan Barat,Kabupaten,Landak,Kabupaten Landak,0.319192,110.04717,79365,2767310,405396,1122615501860,0.00367
41,12,Kalimantan,Kalimantan Barat,Kabupaten,Melawi,Kabupaten Melawi,0.59733,111.58168,78619,2682398,235025,630620768950,0.00206
42,12,Kalimantan,Kalimantan Barat,Kabupaten,Pontianak,Kabupaten Pontianak,-0.099983,109.330533,78243,2750644,264225,726049609900,0.00237
43,12,Kalimantan,Kalimantan Barat,Kota,Pontianak,Kota Pontianak,-0.036714,109.338004,78113,2750644,669795,1842717893180,0.00602
44,12,Kalimantan,Kalimantan Barat,Kabupaten,Sambas,Kabupaten Sambas,1.403274,109.325107,79465,2792599,647844,1805334198056,0.00590
45,12,Kalimantan,Kalimantan Barat,Kabupaten,Sanggau,Kabupaten Sanggau,0.13477,110.592349,78557,2703536,492989,1332458051504,0.00436
46,12,Kalimantan,Kalimantan Barat,Kabupaten,Sekadau,Kabupaten Sekadau,0.004029,110.939268,79513,2654770,214429,569533572430,0.00186
47,12,Kalimantan,Kalimantan Barat,Kota,Singkawang,Kota Singkawang,0.90931,108.984931,79111,2781898,241467,670805924566,0.00219
48,12,Kalimantan,Kalimantan Barat,Kabupaten,Sintang,Kabupaten Sintang,0.06395,111.492913,78611,2771035,426416,1178572736840,0.00385
49,12,Kalimantan,Kalimantan Barat,Kota,Mempawah,Kota Mempawah,0.906239,109.188004,78391,2608601,310927,810118411927,0.00265
50,13,Kalimantan,Kalimantan Selatan,Kabupaten,Balangan,Kabupaten Balangan,-2.330097,115.275682,71665,3149977,132213,416425759301,0.00136
51,13,Kalimantan,Kalimantan Selatan,Kabupaten,Banjar,Kabupaten Banjar,-3.47219,114.8638,70611,3149977,572109,1800273877593,0.00589
52,13,Kalimantan,Kalimantan Selatan,Kota,Banjarbaru,Kota Banjarbaru,-3.438548,114.744257,70714,3149977,253442,798968345434,0.00261
53,13,Kalimantan,Kalimantan Selatan,Kota,Banjarmasin,Kota Banjarmasin,-3.320299,114.591866,70117,3200035,667489,2133555692915,0.00697
54,13,Kalimantan,Kalimantan Selatan,Kabupaten,Barito Kuala,Kabupaten Barito Kuala,-1.967769,114.810215,73712,3149977,316963,996158931451,0.00326
55,13,Kalimantan,Kalimantan Selatan,Kabupaten,Hulu Sungai Selatan,Kabupaten Hulu Sungai Selatan,-2.808934,115.222296,71215,3149877,229960,722314331820,0.00236
56,13,Kalimantan,Kalimantan Selatan,Kabupaten,Hulu Sungai Tengah,Kabupaten Hulu Sungai Tengah,-2.455097,115.224386,71315,3149977,260754,821168285258,0.00268
57,13,Kalimantan,Kalimantan Selatan,Kabupaten,Hulu Sungai Utara,Kabupaten Hulu Sungai Utara,-2.286212,115.213917,71419,3149977,228831,720783232887,0.00236
58,13,Kalimantan,Kalimantan Selatan,Kabupaten,Kotabaru,Kabupaten Kotabaru,-3.267211,116.225153,72163,3293371,329483,1085113800293,0.00355
59,13,Kalimantan,Kalimantan Selatan,Kabupaten,Tabalong,Kabupaten Tabalong,-1.747828,115.915417,71513,3238555,256903,831959520165,0.00272
60,13,Kalimantan,Kalimantan Selatan,Kabupaten,Tanah Bumbu,Kabupaten Tanah Bumbu,-3.448552,115.61463,72211,3151028,328146,1032850131888,0.00338
61,13,Kalimantan,Kalimantan Selatan,Kabupaten,Tanah Laut,Kabupaten Tanah Laut,-3.850749,116.270774,70815,3149977,354340,1115560537480,0.00365
62,13,Kalimantan,Kalimantan Selatan,Kabupaten,Tapin,Kabupaten Tapin,-2.91643,115.035774,71153,3149977,191801,604566677077,0.00198
63,14,Kalimantan,Kalimantan Tengah,Kabupaten,Barito Selatan,Kabupaten Barito Selatan,-2.981434,114.570154,73761,3528912,131997,465279307664,0.00152
64,14,Kalimantan,Kalimantan Tengah,Kabupaten,Barito Timur,Kabupaten Barito Timur,-1.888314,115.025442,73671,3236138,115406,373089396628,0.00122
65,14,Kalimantan,Kalimantan Tengah,Kabupaten,Barito Utara,Kabupaten Barito Utara,-0.889685,115.137965,73881,3595013,160235,575396652355,0.00188
66,14,Kalimantan,Kalimantan Tengah,Kabupaten,Gunung Mas,Kabupaten Gunung Mas,-2.464237,112.862867,74511,3227351,142309,459681638459,0.00150
67,14,Kalimantan,Kalimantan Tengah,Kabupaten,Kapuas,Kabupaten Kapuas,-3.196033,114.390253,73513,3194237,423210,1353703647770,0.00443
68,14,Kalimantan,Kalimantan Tengah,Kabupaten,Katingan,Kabupaten Katingan,-1.774898,113.487469,74413,3230700,163989,529202592300,0.00173
69,14,Kalimantan,Kalimantan Tengah,Kabupaten,Kotawaringin Barat,Kabupaten Kotawaringin Barat,-2.271321,111.258358,74161,3352982,274935,921505520570,0.00301
70,14,Kalimantan,Kalimantan Tengah,Kabupaten,Kotawaringin Timur,Kabupaten Kotawaringin Timur,-2.04596,112.297125,74361,3265859,436079,1425053196861,0.00466
71,14,Kalimantan,Kalimantan Tengah,Kabupaten,Lamandau,Kabupaten Lamandau,-1.720654,111.361152,74363,3443107,104387,359678163809,0.00118
72,14,Kalimantan,Kalimantan Tengah,Kabupaten,Murung Raya,Kabupaten Murung Raya,-0.285192,114.25504,73911,3488798,113483,395773107634,0.00129
73,14,Kalimantan,Kalimantan Tengah,Kota,Palangka Raya,Kota Palangka Raya,-2.204763,113.924411,73112,3226753,305907,985932392871,0.00322
74,14,Kalimantan,Kalimantan Tengah,Kabupaten,Pulang Pisau,Kabupaten Pulang Pisau,-2.998445,113.948774,74872,3223402,136221,439336597942,0.00144
75,14,Kalimantan,Kalimantan Tengah,Kabupaten,Seruyan,Kabupaten Seruyan,-2.552164,112.581647,74261,3594095,166072,596786251240,0.00195
76,14,Kalimantan,Kalimantan Tengah,Kabupaten,Sukamara,Kabupaten Sukamara,-2.600499,111.220706,74172,3389398,66845,226489155310,0.00074
77,15,Kalimantan,Kalimantan Timur,Kota,Balikpapan,Kota Balikpapan,-1.267638,116.827905,76111,3324273,727665,2416477370145,0.00790
78,15,Kalimantan,Kalimantan Timur,Kabupaten,Berau,Kabupaten Berau,2.652081,117.442193,77311,3675887,272887,1002621936489,0.00328
79,15,Kalimantan,Kalimantan Timur,Kota,Bontang,Kota Bontang,0.12296,117.471188,75311,3419486,186137,636850053382,0.00208
80,15,Kalimantan,Kalimantan Timur,Kabupaten,Kutai Barat,Kabupaten Kutai Barat,0.562174,115.689548,75765,3553038,175610,624018622380,0.00204
81,15,Kalimantan,Kalimantan Timur,Kabupaten,Kutai Kartanegara,Kabupaten Kutai Kartanegara,-0.214494,116.959885,75511,3394513,778096,2644574606288,0.00865
82,15,Kalimantan,Kalimantan Timur,Kabupaten,Kutai Timur,Kabupaten Kutai Timur,-1.81616,117.614852,75683,3356109,425787,1428721936583,0.00467
83,15,Kalimantan,Kalimantan Timur,Kabupaten,Paser,Kabupaten Paser,-1.701166,116.322919,76271,3261566,296582,966392156212,0.00316
84,15,Kalimantan,Kalimantan Timur,Kabupaten,Penajam Paser Utara,Kabupaten Penajam Paser Utara,-1.180361,116.441559,76143,3500000,191967,672992700000,0.00220
85,15,Kalimantan,Kalimantan Timur,Kota,Samarinda,Kota Samarinda,-0.502106,117.153709,75111,3329199,849717,2826602439083,0.00924
86,15,Kalimantan,Kalimantan Timur,Kabupaten,Mahakam Ulu,Kabupaten Mahakam Ulu,0.876392,115.360651,75765,3553038,37318,132563144284,0.00043
87,16,Kalimantan,Kalimantan Utara,Kabupaten,Bulungan,Kabupaten Bulungan (Bulongan),2.890445,117.986957,77211,3362895,153558,515883378610,0.00169
88,16,Kalimantan,Kalimantan Utara,Kabupaten,Malinau,Kabupaten Malinau,3.305826,116.65365,77554,3494498,81925,286026570850,0.00094
89,16,Kalimantan,Kalimantan Utara,Kabupaten,Nunukan,Kabupaten Nunukan,4.214028,117.690647,77482,3319134,194119,643661428546,0.00210
90,16,Kalimantan,Kalimantan Utara,Kabupaten,Tana Tidung,Kabupaten Tana Tidung,3.459778,117.59843,77152,3370205,26508,89300059640,0.00029
91,16,Kalimantan,Kalimantan Utara,Kota,Tarakan,Kota Tarakan,3.300009,117.61851,77111,4055356,241893,981937520932,0.00321
92,17,Sumatera,Kepulauan Riau,Kota,Batam,Kota Batam,1.045626,104.030454,29427,4500440,1196396,5385956001184,0.01761
93,17,Sumatera,Kepulauan Riau,Kabupaten,Bintan,Kabupaten Bintan,1.138098,104.429359,29111,3899015,159518,622080091470,0.00203
94,17,Sumatera,Kepulauan Riau,Kabupaten,Karimun,Kabupaten Karimun,0.903537,103.401594,29662,3592019,253457,910647094783,0.00298
95,17,Sumatera,Kepulauan Riau,Kabupaten,Kepulauan Anambas,Kabupaten Kepulauan Anambas,3.117331,106.564835,29792,3757560,47402,178156570120,0.00058
96,17,Sumatera,Kepulauan Riau,Kabupaten,Lingga,Kabupaten Lingga,0.03634,104.6591,29875,3279194,98633,323296215102,0.00106
97,17,Sumatera,Kepulauan Riau,Kabupaten,Natuna,Kabupaten Natuna,4.115287,108.146791,29783,3337603,81495,271881162585,0.00089
98,17,Sumatera,Kepulauan Riau,Kota,Tanjung Pinang,Kota Tanjung Pinang,0.903739,104.520442,29111,3279194,239854,786850024676,0.00257
99,18,Sumatera,Lampung,Kota,Bandar Lampung,Kota Bandar Lampung,-5.427139,105.257972,35111,2991349,1209937,3622322818113,0.01184
100,18,Sumatera,Lampung,Kabupaten,Lampung Barat,Kabupaten Lampung Barat,-5.032711,104.102607,34811,2726426,303397,827399344,0.00000
101,18,Sumatera,Lampung,Kabupaten,Lampung Selatan,Kabupaten Lampung Selatan,-5.51985,104.939981,35592,2861097,1081115,3098572063055,0.01013
102,18,Sumatera,Lampung,Kabupaten,Lampung Tengah,Kabupaten Lampung Tengah,-4.884785,105.198391,34157,2637161,1500022,3955470638742,0.01293
103,18,Sumatera,Lampung,Kabupaten,Lampung Timur,Kabupaten Lampung Timur,-5.118196,105.708374,34194,2633284,1127946,2974393897184,0.00972
104,18,Sumatera,Lampung,Kabupaten,Lampung Utara,Kabupaten Lampung Utara,-4.975167,105.25509,34511,2656089,635129,1688602713081,0.00552
105,18,Sumatera,Lampung,Kabupaten,Mesuji,Kabupaten Mesuji,-4.003371,105.39169,34684,2873227,232685,668938416395,0.00219
106,18,Sumatera,Lampung,Kota,Metro,Kota Metro,-5.113594,105.305088,34111,2642290,171169,452228572710,0.00148
107,18,Sumatera,Lampung,Kabupaten,Pesawaran,Kabupaten Pesawaran,-5.487725,105.119718,35367,2633284,487153,1281865123652,0.00419
108,18,Sumatera,Lampung,Kabupaten,Pesisir Barat,Kabupaten Pesisir Barat,-2.651421,101.132202,34877,2633284,164816,434089386144,0.00142
109,18,Sumatera,Lampung,Kabupaten,Pringsewu,Kabupaten Pringsewu,-5.364748,104.972015,35376,2633284,408415,1075036188680,0.00351
110,18,Sumatera,Lampung,Kabupaten,Tanggamus,Kabupaten Tanggamus,-5.351673,104.751878,35611,2633284,652898,1716192526032,0.00561
111,18,Sumatera,Lampung,Kabupaten,Tulang Bawang,Kabupaten Tulang Bawang,-4.522042,105.205173,34611,2635078,431208,1135082647264,0.00371
112,18,Sumatera,Lampung,Kabupaten,Tulang Bawang Barat,Kabupaten Tulang Bawang Barat,-4.542288,104.909314,34388,2635078,289620,762015262360,0.00249
113,18,Sumatera,Lampung,Kabupaten,Way Kanan,Kabupaten Way Kanan,-4.112872,104.488548,34764,2847450,481036,1369899976700,0.00448
114,21,Sumatera,Aceh,Kabupaten,Aceh Barat,Kabupaten Aceh Barat,4.393488,96.728292,23681,3413666,202858,693303717228,0.00227
115,21,Sumatera,Aceh,Kabupaten,Aceh Barat Daya,Kabupaten Aceh Barat Daya,3.779372,97.609232,23764,3413666,155046,529377548836,0.00173
116,21,Sumatera,Aceh,Kabupaten,Aceh Besar,Kabupaten Aceh Besar,5.506105,95.36854,24382,3413666,414490,1415544789340,0.00463
117,21,Sumatera,Aceh,Kabupaten,Aceh Jaya,Kabupaten Aceh Jaya,-3.6872,97.282356,23654,3413666,96028,328308092648,0.00107
118,21,Sumatera,Aceh,Kabupaten,Aceh Selatan,Kabupaten Aceh Selatan,3.311304,97.222096,23711,3413666,237376,810276233216,0.00265
119,21,Sumatera,Aceh,Kabupaten,Aceh Singkil,Kabupaten Aceh Singkil,2.494228,97.917348,24786,3413666,130787,446678038362,0.00146
120,21,Sumatera,Aceh,Kabupaten,Aceh Tamiang,Kabupaten Aceh Tamiang,4.065084,97.967821,24476,3456603,301492,1041343891076,0.00340
121,21,Sumatera,Aceh,Kabupaten,Aceh Tengah,Kabupaten Aceh Tengah,4.634051,96.916392,24511,3413666,222673,760402282118,0.00249
122,21,Sumatera,Aceh,Kabupaten,Aceh Tenggara,Kabupaten Aceh Tenggara,3.263524,97.792933,24651,3413666,228308,779529123728,0.00255
123,21,Sumatera,Aceh,Kabupaten,Aceh Timur,Kabupaten Aceh Timur,4.676605,97.90675,24413,3413666,432849,1477333788834,0.00483
124,21,Sumatera,Aceh,Kabupaten,Aceh Utara,Kabupaten Aceh Utara,4.981445,97.438202,24311,3413666,614640,2098600645840,0.00686
125,21,Sumatera,Aceh,Kota,Banda Aceh,Kota Banda Aceh,5.54829,95.323755,23242,3413666,257635,880288773510,0.00288
126,21,Sumatera,Aceh,Kabupaten,Bener Meriah,Kabupaten Bener Meriah,4.732755,96.901736,24581,3413666,168690,576721134340,0.00189
127,21,Sumatera,Aceh,Kabupaten,Bireuen,Kabupaten Bireuen,5.16914,96.789803,24261,3413666,443874,1190928629164,0.00389
128,21,Sumatera,Aceh,Kabupaten,Gayo Lues,Kabupaten Gayo Lues,3.986971,97.317543,24653,3413666,103131,352554460246,0.00115
129,21,Sumatera,Aceh,Kota,Langsa,Kota Langsa,4.487456,97.960922,24416,3413666,192630,657930035780,0.00215
130,21,Sumatera,Aceh,Kota,Lhokseumawe,Kota Lhokseumawe,5.186948,97.133471,24352,3413666,191396,653924363536,0.00214
131,21,Sumatera,Aceh,Kabupaten,Nagan Raya,Kabupaten Nagan Raya,4.155772,96.504502,23671,3413666,173393,591927315938,0.00194
132,21,Sumatera,Aceh,Kabupaten,Pidie,Kabupaten Pidie,5.150908,95.980123,24111,3413666,444505,1519785411930,0.00497
133,21,Sumatera,Aceh,Kabupaten,Pidie Jaya,Kabupaten Pidie Jaya,5.224226,96.156036,24184,3413666,162771,555619805586,0.00182
134,21,Sumatera,Aceh,Kota,Sabang,Kota Sabang,5.885638,95.323753,23511,3413666,43208,147429192288,0.00048
135,21,Sumatera,Aceh,Kabupaten,Simeulue,Kabupaten Simeulue,2.602874,96.050869,23891,3413666,94876,324348194216,0.00106
136,21,Sumatera,Aceh,Kota,Subulussalam,Kota Subulussalam,2.645205,97.973209,24782,3413666,95199,324931269134,0.00106
137,26,Sumatera,Riau,Kabupaten,Bengkalis,Kabupaten Bengkalis,1.488894,102.264307,28711,3599029,582973,2096424248117,0.00685
138,26,Sumatera,Riau,Kota,Dumai,Kota Dumai,1.678102,101.449121,28811,3723278,331832,1234679815976,0.00404
139,26,Sumatera,Riau,Kabupaten,Indragiri Hilir,Kabupaten Indragiri Hilir,-0.170646,102.530555,29211,3241141,660747,2139746048827,0.00699
140,26,Sumatera,Riau,Kabupaten,Indragiri Hulu,Kabupaten Indragiri Hulu,0.862682,102.731788,29319,3364511,464076,1560976685436,0.00510
141,26,Sumatera,Riau,Kabupaten,Kampar,Kabupaten Kampar,0.291466,101.143107,28411,3300258,878210,2899775866080,0.00948
142,26,Sumatera,Riau,Kabupaten,Kepulauan Meranti,Kabupaten Kepulauan Meranti,0.936412,102.700215,28755,3224635,213532,688649041820,0.00225
143,26,Sumatera,Riau,Kabupaten,Kuantan Singingi,Kabupaten Kuantan Singingi,-0.45251,101.45289,29511,3354275,345850,1159274222759,0.00379
144,26,Sumatera,Riau,Kota,Pekanbaru,Kota Pekanbaru,0.534482,101.447679,28111,3319023,1007540,3337398507620,0.01091
145,26,Sumatera,Riau,Kabupaten,Pelalawan,Kabupaten Pelalawan,0.160037,102.258579,28383,3287623,410988,1350362203784,0.00441
146,26,Sumatera,Riau,Kabupaten,Rokan Hilir,Kabupaten Rokan Hilir,1.950618,100.825648,28911,3242977,658407,2138259677539,0.00699
147,26,Sumatera,Riau,Kabupaten,Rokan Hulu,Kabupaten Rokan Hulu,0.881609,100.655658,28557,3248333,582679,1891959564627,0.00618
148,26,Sumatera,Riau,Kabupaten,Siak,Kabupaten Siak,0.759398,101.923919,28763,3361913,477550,1606810417950,0.00525
149,27,Sulawesi,Sulawesi Barat,Kabupaten,Majene,Kabupaten Majene,-3.146651,118.912008,91411,2871794,177390,509648723860,0.00167
150,27,Sulawesi,Sulawesi Barat,Kabupaten,Mamasa,Kabupaten Mamasa,-2.989799,119.345682,91371,2871794,166471,478548860574,0.00156
151,27,Sulawesi,Sulawesi Barat,Kabupaten,Mamuju,Kabupaten Mamuju,-2.548926,118.909548,91511,2904645,285616,830900223520,0.00272
152,27,Sulawesi,Sulawesi Barat,Kabupaten,Mamuju Utara,Kabupaten Mamuju Utara,-1.498526,119.239087,91561,2904645,198608,577625667040,0.00189
153,27,Sulawesi,Sulawesi Barat,Kabupaten,Polewali Mandar,Kabupaten Polewali Mandar,-3.281948,119.336006,91311,2871794,490493,1409179351142,0.00461
154,27,Sulawesi,Sulawesi Barat,Kabupaten,Mamuju Tengah,Kabupaten Mamuju Tengah,-2.573133,119.363607,91512,2871794,140028,401104968712,0.00131
155,27,Sulawesi,Sulawesi Barat,Kabupaten,Pasangkayu,Kabupaten Pasangkayu,-1.502777,119.655733,91361,2871794,198608,570963431872,0.00187
156,28,Sulawesi,Sulawesi Selatan,Kabupaten,Bantaeng,Kabupaten Bantaeng,-5.516169,119.931403,92412,3384876,199399,674873600724,0.00221
157,28,Sulawesi,Sulawesi Selatan,Kabupaten,Barru,Kabupaten Barru,-4.231866,119.672071,90711,3384876,186910,632924514960,0.00207
158,28,Sulawesi,Sulawesi Selatan,Kabupaten,Bone,Kabupaten Bone,-4.826803,120.052518,92711,3384876,813188,2757180698888,0.00901
159,28,Sulawesi,Sulawesi Selatan,Kabupaten,Bulukumba,Kabupaten Bulukumba,-5.425673,120.203804,92511,3384876,443292,1500052352432,0.00490
160,28,Sulawesi,Sulawesi Selatan,Kabupaten,Enrekang,Kabupaten Enrekang,-3.573256,119.752596,91711,3384876,230622,780587150072,0.00255
161,28,Sulawesi,Sulawesi Selatan,Kabupaten,Gowa,Kabupaten Gowa,-5.370028,119.689257,92111,3384876,783167,2651057999132,0.00867
162,28,Sulawesi,Sulawesi Selatan,Kabupaten,Jeneponto,Kabupaten Jeneponto,-5.582748,119.641924,92311,3384876,410639,1389935158684,0.00454
163,28,Sulawesi,Sulawesi Selatan,Kabupaten,Luwu,Kabupaten Luwu,-2.811711,120.124027,91992,3384876,369820,1252165986320,0.00409
164,28,Sulawesi,Sulawesi Selatan,Kabupaten,Luwu Timur,Kabupaten Luwu Timur,-3.350617,120.347328,92981,3384876,305521,1034197755796,0.00338
165,28,Sulawesi,Sulawesi Selatan,Kabupaten,Luwu Utara,Kabupaten Luwu Utara,-2.382177,119.944564,92917,3384876,327820,1110486931520,0.00363
166,28,Sulawesi,Sulawesi Selatan,Kota,Makassar,Kota Makassar,-5.147665,119.432731,90111,3513982,1432189,5035400861958,0.01646
167,28,Sulawesi,Sulawesi Selatan,Kabupaten,Maros,Kabupaten Maros,-5.055282,119.630989,90511,3384876,403774,1368054428024,0.00447
168,28,Sulawesi,Sulawesi Selatan,Kota,Palopo,Kota Palopo,-2.978439,120.091282,91911,3384876,190867,645665090092,0.00211
169,28,Sulawesi,Sulawesi Selatan,Kabupaten,Pangkajene Kepulauan,Kabupaten Pangkajene Kepulauan,-4.836786,119.551274,90611,3384876,345775,1170136792100,0.00383
170,28,Sulawesi,Sulawesi Selatan,Kota,Parepare,Kota Parepare,-4.016054,119.620803,91121,3384876,154854,524493465504,0.00171
171,28,Sulawesi,Sulawesi Selatan,Kabupaten,Pinrang,Kabupaten Pinrang,-3.742875,119.520969,91211,3384876,411795,1393862671620,0.00456
172,28,Sulawesi,Sulawesi Selatan,Kabupaten,Selayar (Kepulauan Selayar),Kabupaten Selayar,-6.004651,120.58712,92812,3384876,137974,466899096824,0.00153
173,28,Sulawesi,Sulawesi Selatan,Kabupaten,Sidenreng Rappang/Rapang,Kabupaten Sidenreng Rappang,-3.894785,119.926524,91611,3384876,319990,1086220653840,0.00355
174,28,Sulawesi,Sulawesi Selatan,Kabupaten,Sinjai,Kabupaten Sinjai,-5.161904,120.250178,92611,3384876,263827,892190119852,0.00292
175,28,Sulawesi,Sulawesi Selatan,Kabupaten,Soppeng,Kabupaten Soppeng,-4.399586,119.9107,90811,3384876,236049,798064736124,0.00261
176,28,Sulawesi,Sulawesi Selatan,Kabupaten,Takalar,Kabupaten Takalar,-5.354139,119.534573,92211,3384876,305077,1033033183052,0.00338
177,28,Sulawesi,Sulawesi Selatan,Kabupaten,Tana Toraja,Kabupaten Tana Toraja,-3.086371,119.904811,91811,3384876,291046,985042233096,0.00322
178,28,Sulawesi,Sulawesi Selatan,Kabupaten,Toraja Utara,Kabupaten Toraja Utara,-2.958132,119.935797,91853,3384876,268198,907496912648,0.00297
179,28,Sulawesi,Sulawesi Selatan,Kabupaten,Wajo,Kabupaten Wajo,-3.783826,120.104919,90911,3384876,379706,1286112125856,0.00420
180,29,Sulawesi,Sulawesi Tengah,Kabupaten,Banggai,Kabupaten Banggai,-1.71458,123.250741,94711,2566281,366224,940868804144,0.00308
181,29,Sulawesi,Sulawesi Tengah,Kabupaten,Banggai Kepulauan,Kabupaten Banggai Kepulauan,0.800005,123.080234,94881,2587999,121684,314889464316,0.00103
182,29,Sulawesi,Sulawesi Tengah,Kabupaten,Buol,Kabupaten Buol,1.251668,121.838729,94511,2772286,146628,406047381608,0.00133
183,29,Sulawesi,Sulawesi Tengah,Kabupaten,Donggala,Kabupaten Donggala,-0.423099,119.841901,94356,2594454,302965,786405981010,0.00257
184,29,Sulawesi,Sulawesi Tengah,Kabupaten,Morowali,Kabupaten Morowali,-2.484031,121.911621,94974,3236848,167910,543190432480,0.00178
185,29,Sulawesi,Sulawesi Tengah,Kota,Palu,Kota Palu,-0.883391,119.481491,94111,3073895,377030,1159818174850,0.00379
186,29,Sulawesi,Sulawesi Tengah,Kabupaten,Parigi Moutong,Kabupaten Parigi Moutong,0.53997,119.710356,94561,2690668,443170,1192865600760,0.00390
187,29,Sulawesi,Sulawesi Tengah,Kabupaten,Poso,Kabupaten Poso,-1.39572,120.756019,94611,2772644,248345,688700028180,0.00225
188,29,Sulawesi,Sulawesi Tengah,Kabupaten,Sigi,Kabupaten Sigi,0.325773,119.645813,94362,2599546,261676,680168052296,0.00222
189,29,Sulawesi,Sulawesi Tengah,Kabupaten,Tojo Una-Una,Kabupaten Tojo Una-Una,-1.229568,121.456883,94681,2599546,166339,432477038194,0.00141
190,29,Sulawesi,Sulawesi Tengah,Kabupaten,Toli-Toli,Kabupaten Toli-Toli,0.888926,120.764719,94516,2599546,226794,589496502684,0.00193
191,29,Sulawesi,Sulawesi Tengah,Kabupaten,Banggai Laut,Kabupaten Banggai Laut,-1.675078,123.044016,94892,2599546,70872,184237117312,0.00060
192,29,Sulawesi,Sulawesi Tengah,Kabupaten,Morowali Utara,Kabupaten Morowali Utara,0.900303,121.677543,94971,3359224,122240,410618818560,0.00134
193,30,Sulawesi,Sulawesi Tenggara,Kota,Bau-Bau,Kota Bau-Bau,-5.469289,122.604655,93711,2758948,167519,461784667212,0.00151
194,30,Sulawesi,Sulawesi Tenggara,Kabupaten,Bombana,Kabupaten Bombana,-4.505136,121.85307,93762,2758948,151910,419290530480,0.00137
195,30,Sulawesi,Sulawesi Tenggara,Kabupaten,Buton,Kabupaten Buton,-5.17652,122.302107,93711,2758948,117040,322749086720,0.00106
196,30,Sulawesi,Sulawesi Tenggara,Kabupaten,Buton Utara,Kabupaten Buton Utara,-4.855191,122.726028,93761,2758948,67714,186789737872,0.00061
197,30,Sulawesi,Sulawesi Tenggara,Kota,Kendari,Kota Kendari,-3.995386,122.515081,93111,2993730,350267,1047933132910,0.00343
198,30,Sulawesi,Sulawesi Tenggara,Kabupaten,Kolaka,Kabupaten Kolaka,-4.079712,121.897202,93511,3107229,241366,749783617594,0.00245
199,30,Sulawesi,Sulawesi Tenggara,Kabupaten,Kolaka Utara,Kabupaten Kolaka Utara,-3.543106,122.293009,93562,2758948,139234,384110781432,0.00126
200,30,Sulawesi,Sulawesi Tenggara,Kabupaten,Konawe,Kabupaten Konawe,-4.166719,122.2521,93411,2854014,261116,746993267744,0.00244
201,30,Sulawesi,Sulawesi Tenggara,Kabupaten,Konawe Selatan,Kabupaten Konawe Selatan,-4.155098,122.583667,93811,2758948,312674,862348440752,0.00282
202,30,Sulawesi,Sulawesi Tenggara,Kabupaten,Konawe Utara,Kabupaten Konawe Utara,-3.493091,122.805502,93571,2854014,68950,196800616900,0.00064
203,30,Sulawesi,Sulawesi Tenggara,Kabupaten,Muna,Kabupaten Muna,-4.897745,122.600079,93611,2758948,218956,604121882288,0.00197
204,30,Sulawesi,Sulawesi Tenggara,Kabupaten,Wakatobi,Kabupaten Wakatobi,-5.348188,123.605246,93791,2758948,113122,311881071456,0.00102
205,30,Sulawesi,Sulawesi Tenggara,Kabupaten,Konawe Kepulauan,Kabupaten Konawe Kepulauan,-5.507226,122.786954,93881,2758948,37639,103702811572,0.00034
206,30,Sulawesi,Sulawesi Tenggara,Kabupaten,Kolaka Timur,Kabupaten Kolaka Timur,-4.068587,121.826181,93572,2758948,120966,333661621168,0.00109
207,30,Sulawesi,Sulawesi Tenggara,Kabupaten,Muna Barat,Kabupaten Muna Barat,-4.997515,122.60566,93671,2758948,84777,233696529596,0.00076
208,30,Sulawesi,Sulawesi Tenggara,Kabupaten,Buton Selatan,Kabupaten Buton Selatan,-5.137606,122.956079,93753,2758948,95472,263011001856,0.00086
209,30,Sulawesi,Sulawesi Tenggara,Kabupaten,Buton Tengah,Kabupaten Buton Tengah,-4.133168,122.518497,93771,2758948,116599,321727342052,0.00105
210,31,Sulawesi,Sulawesi Utara,Kota,Bitung,Kota Bitung,1.452365,125.184611,95511,3485000,229795,800265367500,0.00262
211,31,Sulawesi,Sulawesi Utara,Kabupaten,Bolaang Mongondow (Bolmong),Kabupaten Bolaang Mongondow,0.73363,124.710273,95711,3485000,248751,867073881250,0.00283
212,31,Sulawesi,Sulawesi Utara,Kabupaten,Bolaang Mongondow Selatan,Kabupaten Bolaang Mongondow Selatan,0.601825,124.4335,95751,3485000,71481,249477518500,0.00082
213,31,Sulawesi,Sulawesi Utara,Kabupaten,Bolaang Mongondow Timur,Kabupaten Bolaang Mongondow Timur,0.94251,125.268593,95781,3485000,92299,321047895500,0.00105
214,31,Sulawesi,Sulawesi Utara,Kabupaten,Bolaang Mongondow Utara,Kabupaten Bolaang Mongondow Utara,0.896073,124.529053,95761,3485000,84543,294788693500,0.00096
215,31,Sulawesi,Sulawesi Utara,Kabupaten,Kepulauan Sangihe,Kabupaten Kepulauan Sangihe,3.645085,125.615066,95811,3485000,140165,488194225000,0.00160
216,31,Sulawesi,Sulawesi Utara,Kabupaten,Kepulauan Siau Tagulandang Biaro (Sitaro),Kabupaten Kepulauan Siau Tagulandang Biaro,2.546334,125.470039,95862,3485000,71817,250460545000,0.00082
217,31,Sulawesi,Sulawesi Utara,Kabupaten,Kepulauan Talaud,Kabupaten Kepulauan Talaud,4.109578,126.809313,95881,3485000,95545,332754577500,0.00109
218,31,Sulawesi,Sulawesi Utara,Kota,Kotamobagu,Kota Kotamobagu,0.736161,124.3212,95711,3485000,125405,436384767500,0.00143
219,31,Sulawesi,Sulawesi Utara,Kota,Manado,Kota Manado,1.493416,124.841685,95231,3530000,454606,1604939318000,0.00525
220,31,Sulawesi,Sulawesi Utara,Kabupaten,Minahasa,Kabupaten Minahasa,1.195111,124.954394,95611,3485000,350317,1221839705000,0.00399
221,31,Sulawesi,Sulawesi Utara,Kabupaten,Minahasa Selatan,Kabupaten Minahasa Selatan,1.070894,124.813615,95953,3485000,241680,842718600000,0.00275
222,31,Sulawesi,Sulawesi Utara,Kabupaten,Minahasa Tenggara,Kabupaten Minahasa Tenggara,1.324793,124.97396,95996,3485000,118023,410375755000,0.00134
223,31,Sulawesi,Sulawesi Utara,Kabupaten,Minahasa Utara,Kabupaten Minahasa Utara,1.480495,124.92493,95378,3485000,229368,798021180000,0.00261
224,31,Sulawesi,Sulawesi Utara,Kota,Tomohon,Kota Tomohon,1.327994,124.836267,95411,3485000,101151,352201485000,0.00115
225,32,Sumatera,Sumatera Barat,Kabupaten,Agam,Kabupaten Agam,-0.254882,100.233707,26164,2742476,540905,1483038121380,0.00485
226,32,Sumatera,Sumatera Barat,Kota,Bukittinggi,Kota Bukittinggi,-0.303001,100.369957,26115,2742476,122311,335398357036,0.00110
227,32,Sumatera,Sumatera Barat,Kabupaten,Dharmasraya,Kabupaten Dharmasraya,-1.179729,101.341942,27678,2742476,234713,643036045188,0.00210
228,32,Sumatera,Sumatera Barat,Kabupaten,Kepulauan Mentawai,Kabupaten Kepulauan Mentawai,-1.043182,99.31581,25392,2742476,89401,245286081276,0.00080
229,32,Sumatera,Sumatera Barat,Kabupaten,Lima Puluh Koto/Kota,Kabupaten Lima Puluh Koto/Kota,-0.059909,100.634706,26257,2742476,385634,1058306624984,0.00346
230,32,Sumatera,Sumatera Barat,Kota,Padang,Kota Padang,-0.939989,100.35412,25111,2742476,919145,2521861940420,0.00824
231,32,Sumatera,Sumatera Barat,Kota,Padang Panjang,Kota Padang Panjang,-0.474482,100.407045,27111,2742476,57850,158674957400,0.00052
232,32,Sumatera,Sumatera Barat,Kabupaten,Padang Pariaman,Kabupaten Padang Pariaman,-0.57461,100.148899,25511,2742476,436129,1196728083904,0.00391
233,32,Sumatera,Sumatera Barat,Kota,Pariaman,Kota Pariaman,-0.618291,100.120634,25582,2742476,96719,265332725444,0.00087
234,32,Sumatera,Sumatera Barat,Kabupaten,Pasaman,Kabupaten Pasaman,0.148999,99.654716,26311,2742476,307425,843050249900,0.00276
235,32,Sumatera,Sumatera Barat,Kabupaten,Pasaman Barat,Kabupaten Pasaman Barat,-0.356482,99.872362,26566,2742476,442479,1212871769704,0.00396
236,32,Sumatera,Sumatera Barat,Kota,Payakumbuh,Kota Payakumbuh,-0.220657,100.634769,26211,2742476,143325,393049355700,0.00128
237,32,Sumatera,Sumatera Barat,Kabupaten,Pesisir Selatan,Kabupaten Pesisir Selatan,-1.301821,100.211183,25673,2742476,516518,1417517277768,0.00463
238,32,Sumatera,Sumatera Barat,Kota,Sawah Lunto,Kota Sawah Lunto,-0.687642,100.783294,27411,2742476,67769,186102714044,0.00061
239,32,Sumatera,Sumatera Barat,Kabupaten,Sijunjung (Sawah Lunto Sijunjung),Kabupaten Sijunjung,-0.679012,101.253522,27511,2742476,235040,644493782240,0.00211
240,32,Sumatera,Sumatera Barat,Kabupaten,Solok,Kabupaten Solok,-0.792548,100.652947,27383,2742476,397829,1090627716154,0.00357
241,32,Sumatera,Sumatera Barat,Kota,Solok,Kota Solok,-0.789275,100.653445,27381,2742476,75850,208039051700,0.00068
242,32,Sumatera,Sumatera Barat,Kabupaten,Solok Selatan,Kabupaten Solok Selatan,-1.183242,100.638436,27681,2742476,188649,517998153324,0.00169
243,32,Sumatera,Sumatera Barat,Kabupaten,Tanah Datar,Kabupaten Tanah Datar,-0.453214,100.531948,27211,2742476,376276,1029982077776,0.00337
244,33,Sumatera,Sumatera Selatan,Kabupaten,Banyuasin,Kabupaten Banyuasin,-2.434015,104.583599,30911,3194895,852576,2723936771520,0.00890
245,33,Sumatera,Sumatera Selatan,Kabupaten,Empat Lawang,Kabupaten Empat Lawang,-3.730898,102.78492,31511,3404177,357673,1217294800521,0.00398
246,33,Sumatera,Sumatera Selatan,Kabupaten,Lahat,Kabupaten Lahat,-3.798075,103.516954,31411,3404177,441174,1500774643148,0.00491
247,33,Sumatera,Sumatera Selatan,Kota,Lubuk Linggau,Kota Lubuk Linggau,-3.284603,102.855535,31611,3144446,240238,754979070148,0.00247
248,33,Sumatera,Sumatera Selatan,Kabupaten,Muara Enim,Kabupaten Muara Enim,-3.549068,103.85882,31311,3538556,624019,2208533908064,0.00722
249,33,Sumatera,Sumatera Selatan,Kabupaten,Musi Banyuasin,Kabupaten Musi Banyuasin,-2.689627,104.380374,30711,3502873,633124,2218133124652,0.00725
250,33,Sumatera,Sumatera Selatan,Kabupaten,Musi Rawas,Kabupaten Musi Rawas,-2.77162,103.008349,31661,3404177,402674,1370447583498,0.00448
251,33,Sumatera,Sumatera Selatan,Kabupaten,Ogan Ilir,Kabupaten Ogan Ilir,-3.446469,104.618896,30611,3404177,422907,1438883042739,0.00470
252,33,Sumatera,Sumatera Selatan,Kabupaten,Ogan Komering Ilir,Kabupaten Ogan Komering Ilir,-3.446607,104.488097,30655,3404177,776690,2645364996363,0.00865
253,33,Sumatera,Sumatera Selatan,Kabupaten,Ogan Komering Ulu,Kabupaten Ogan Komering Ulu,-4.002411,103.873268,32156,3404177,375538,1278324936626,0.00418
254,33,Sumatera,Sumatera Selatan,Kabupaten,Ogan Komering Ulu Selatan,Kabupaten Ogan Komering Ulu Selatan,-4.235329,103.530487,32274,3404177,426687,1452867310999,0.00475
255,33,Sumatera,Sumatera Selatan,Kabupaten,Ogan Komering Ulu Timur,Kabupaten Ogan Komering Ulu Timur,-3.60614,103.975773,32184,3464303,656857,2273694061571,0.00743
256,33,Sumatera,Sumatera Selatan,Kota,Pagar Alam,Kota Pagar Alam,-4.036926,103.267032,31512,3404177,147071,500474810367,0.00164
257,33,Sumatera,Sumatera Selatan,Kota,Palembang,Kota Palembang,-2.987319,104.736009,30111,3565409,1707996,6086767170384,0.01990
258,33,Sumatera,Sumatera Selatan,Kota,Prabumulih,Kota Prabumulih,-3.43947,104.242479,31111,3404177,199047,678145988219,0.00222
259,33,Sumatera,Sumatera Selatan,Kabupaten,Penukal Abab Lematang Ilir,Kabupaten Penukal Abab Lematang Ilir,-4.031489,103.097979,31214,3404177,200000,680835400000,0.00223
260,33,Sumatera,Sumatera Selatan,Kabupaten,Musi Rawas Utara,Kabupaten Musi Rawas Utara,-2.372244,103.030468,31654,3404177,192369,655707091113,0.00214
261,34,Sumatera,Sumatera Utara,Kabupaten,Asahan,Kabupaten Asahan,2.766106,99.047137,21211,3024300,787681,2381135180300,0.00778
262,34,Sumatera,Sumatera Utara,Kabupaten,Batu Bara,Kabupaten Batu Bara,3.287994,99.507255,21255,3410034,416367,1421237538278,0.00465
263,34,Sumatera,Sumatera Utara,Kota,Binjai,Kota Binjai,3.601034,98.485377,20711,2803941,300009,841236725969,0.00275
264,34,Sumatera,Sumatera Utara,Kabupaten,Dairi,Kabupaten Dairi,2.932329,98.132973,22211,2710493,315460,855777678980,0.00280
265,34,Sumatera,Sumatera Utara,Kabupaten,Deli Serdang,Kabupaten Deli Serdang,3.480805,98.664792,20511,3400015,1953986,6647727279790,0.02173
266,34,Sumatera,Sumatera Utara,Kota,Gunungsitoli,Kota Gunungsitoli,1.277031,97.635925,22811,2776496,137583,381015478528,0.00125
267,34,Sumatera,Sumatera Utara,Kabupaten,Humbang Hasundutan,Kabupaten Humbang Hasundutan,2.33024,98.663552,22411,2710493,202299,548911806507,0.00179
268,34,Sumatera,Sumatera Utara,Kabupaten,Karo,Kabupaten Karo,3.028802,98.277303,22111,3274725,414429,1356844065425,0.00444
269,34,Sumatera,Sumatera Utara,Kabupaten,Labuhan Batu,Kabupaten Labuhan Batu,2.256043,100.043743,21411,3116458,508024,1581793926032,0.00517
270,34,Sumatera,Sumatera Utara,Kabupaten,Labuhan Batu Selatan,Kabupaten Labuhan Batu Selatan,1.978433,100.095751,21464,3081813,316798,977073088074,0.00319
271,34,Sumatera,Sumatera Utara,Kabupaten,Labuhan Batu Utara,Kabupaten Labuhan Batu Utara,2.358065,100.354073,21455,3116458,381994,1191394491272,0.00389
272,34,Sumatera,Sumatera Utara,Kabupaten,Langkat,Kabupaten Langkat,3.792181,98.385996,20811,2902505,1039926,3015775669130,0.00986
273,34,Sumatera,Sumatera Utara,Kabupaten,Mandailing Natal,Kabupaten Mandailing Natal,0.847732,99.250065,22911,2874312,484874,1394146606128,0.00456
274,34,Sumatera,Sumatera Utara,Kota,Medan,Kota Medan,3.595196,98.672222,20111,3624117,2494512,9049683830144,0.02958
275,34,Sumatera,Sumatera Utara,Kabupaten,Nias,Kabupaten Nias,1.039533,97.529608,22876,2723199,149249,406280877351,0.00133
276,34,Sumatera,Sumatera Utara,Kabupaten,Nias Barat,Kabupaten Nias Barat,1.051498,97.447908,22863,2710493,91346,247682375378,0.00081
277,34,Sumatera,Sumatera Utara,Kabupaten,Nias Selatan,Kabupaten Nias Selatan,0.760118,97.702262,22874,2710493,373674,1013596757582,0.00331
278,34,Sumatera,Sumatera Utara,Kabupaten,Nias Utara,Kabupaten Nias Utara,1.1157,97.597712,22861,2710493,150780,409231882340,0.00134
279,34,Sumatera,Sumatera Utara,Kabupaten,Padang Lawas,Kabupaten Padang Lawas,1.454282,99.246087,22711,2959919,267275,791504383525,0.00259
280,34,Sumatera,Sumatera Utara,Kabupaten,Padang Lawas Utara,Kabupaten Padang Lawas Utara,1.6203,99.492513,22756,2959919,267275,791504383525,0.00259
281,34,Sumatera,Sumatera Utara,Kota,Padang Sidempuan,Kota Padang Sidempuan,1.369063,99.273018,22727,2885309,225105,649981150345,0.00212
282,34,Sumatera,Sumatera Utara,Kabupaten,Pakpak Bharat,Kabupaten Pakpak Bharat,3.635995,98.545156,22271,2716161,54609,148477212449,0.00049
283,34,Sumatera,Sumatera Utara,Kota,Pematang Siantar,Kota Pematang Siantar,2.963409,99.060574,21111,2711301,268254,727367856554,0.00238
284,34,Sumatera,Sumatera Utara,Kabupaten,Samosir,Kabupaten Samosir,2.584514,98.863784,22392,2710493,139337,377611696741,0.00123
285,34,Sumatera,Sumatera Utara,Kabupaten,Serdang Bedagai,Kabupaten Serdang Bedagai,3.432974,99.112736,20995,3070171,667998,2046517596098,0.00669
286,34,Sumatera,Sumatera Utara,Kota,Sibolga,Kota Sibolga,1.736818,98.784193,22511,3197759,90366,288747800794,0.00094
287,34,Sumatera,Sumatera Utara,Kabupaten,Simalungun,Kabupaten Simalungun,2.971524,99.000226,21161,2800790,1021615,2857520517850,0.00934
288,34,Sumatera,Sumatera Utara,Kota,Tanjung Balai,Kota Tanjung Balai,2.961995,99.800549,21311,3022759,175223,529899190657,0.00173
289,34,Sumatera,Sumatera Utara,Kabupaten,Tapanuli Selatan,Kabupaten Tapanuli Selatan,-1.7854,99.100706,22742,3090695,307312,949425767040,0.00310
290,34,Sumatera,Sumatera Utara,Kabupaten,Tapanuli Tengah,Kabupaten Tapanuli Tengah,1.815388,98.883182,22611,3019194,374734,1130582306396,0.00370
291,34,Sumatera,Sumatera Utara,Kabupaten,Tapanuli Utara,Kabupaten Tapanuli Utara,2.06944,99.858572,22411,2739641,318424,873191067984,0.00285
292,34,Sumatera,Sumatera Utara,Kota,Tebing Tinggi,Kota Tebing Tinggi,3.330128,99.149764,20611,2731150,177785,485762815750,0.00159
293,34,Sumatera,Sumatera Utara,Kabupaten,Toba Samosir,Kabupaten Toba Samosir,2.371365,99.143379,22311,2882740,212133,611212486120,0.00200